"ELM"	"GOTerm"
"CLV_C14_Caspase3-7"	"GO:0006915"
"CLV_C14_Caspase3-7"	"GO:0030154"
"CLV_C14_Caspase3-7"	"GO:0008283"
"CLV_C14_Caspase3-7"	"GO:0004197"
"CLV_C14_Caspase3-7"	"GO:0005829"
"CLV_C14_Caspase3-7"	"GO:0005634"
"CLV_C14_Caspase3-7"	"GO:0005515"
"CLV_C14_Caspase3-7"	"GO:0006508"
"CLV_C14_Caspase3-7"	"GO:0001817"
"CLV_MEL_PAP_1"	"GO:0003793"
"CLV_MEL_PAP_1"	"GO:0005576"
"CLV_MEL_PAP_1"	"GO:0006508"
"CLV_NRD_NRD_1"	"GO:0009928"
"CLV_NRD_NRD_1"	"GO:0005576"
"CLV_NRD_NRD_1"	"GO:0005794"
"CLV_NRD_NRD_1"	"GO:0004222"
"CLV_NRD_NRD_1"	"GO:0016919"
"CLV_NRD_NRD_1"	"GO:0006508"
"CLV_PCSK_FUR_1"	"GO:0005576"
"CLV_PCSK_FUR_1"	"GO:0004276"
"CLV_PCSK_FUR_1"	"GO:0005794"
"CLV_PCSK_FUR_1"	"GO:0000139"
"CLV_PCSK_FUR_1"	"GO:0006508"
"CLV_PCSK_KEX2_1"	"GO:0005576"
"CLV_PCSK_KEX2_1"	"GO:0005794"
"CLV_PCSK_KEX2_1"	"GO:0004290"
"CLV_PCSK_KEX2_1"	"GO:0006508"
"CLV_PCSK_PC1ET2_1"	"GO:0005576"
"CLV_PCSK_PC1ET2_1"	"GO:0005794"
"CLV_PCSK_PC1ET2_1"	"GO:0000139"
"CLV_PCSK_PC1ET2_1"	"GO:0004285"
"CLV_PCSK_PC1ET2_1"	"GO:0004286"
"CLV_PCSK_PC1ET2_1"	"GO:0006508"
"CLV_PCSK_PC7_1"	"GO:0005576"
"CLV_PCSK_PC7_1"	"GO:0005794"
"CLV_PCSK_PC7_1"	"GO:0000139"
"CLV_PCSK_PC7_1"	"GO:0016808"
"CLV_PCSK_PC7_1"	"GO:0006508"
"CLV_PCSK_SKI1_1"	"GO:0005783"
"CLV_PCSK_SKI1_1"	"GO:0005788"
"CLV_PCSK_SKI1_1"	"GO:0005576"
"CLV_PCSK_SKI1_1"	"GO:0005794"
"CLV_PCSK_SKI1_1"	"GO:0008233"
"CLV_PCSK_SKI1_1"	"GO:0006508"
"CLV_PCSK_SKI1_1"	"GO:0004289"
"CLV_Separin_Fungi"	"GO:0007049"
"CLV_Separin_Fungi"	"GO:0005813"
"CLV_Separin_Fungi"	"GO:0008234"
"CLV_Separin_Fungi"	"GO:0005829"
"CLV_Separin_Fungi"	"GO:0004175"
"CLV_Separin_Fungi"	"GO:0045144"
"CLV_Separin_Fungi"	"GO:0000070"
"CLV_Separin_Fungi"	"GO:0005634"
"CLV_Separin_Fungi"	"GO:0005515"
"CLV_Separin_Metazoa"	"GO:0007049"
"CLV_Separin_Metazoa"	"GO:0005813"
"CLV_Separin_Metazoa"	"GO:0008234"
"CLV_Separin_Metazoa"	"GO:0005829"
"CLV_Separin_Metazoa"	"GO:0004175"
"CLV_Separin_Metazoa"	"GO:0045144"
"CLV_Separin_Metazoa"	"GO:0000070"
"CLV_Separin_Metazoa"	"GO:0005634"
"CLV_Separin_Metazoa"	"GO:0005515"
"CLV_TASPASE1"	"GO:0005634"
"CLV_TASPASE1"	"GO:0006350"
"DEG_APCC_DBOX_1"	"GO:0000074"
"DEG_APCC_DBOX_1"	"GO:0005829"
"DEG_APCC_DBOX_1"	"GO:0005634"
"DEG_APCC_DBOX_1"	"GO:0043161"
"DEG_APCC_DBOX_1"	"GO:0019904"
"DEG_APCC_KENBOX_2"	"GO:0000074"
"DEG_APCC_KENBOX_2"	"GO:0005829"
"DEG_APCC_KENBOX_2"	"GO:0005634"
"DEG_APCC_KENBOX_2"	"GO:0043161"
"DEG_APCC_KENBOX_2"	"GO:0019904"
"DEG_APCC_TPR_1"	"GO:0051488"
"DEG_APCC_TPR_1"	"GO:0005680"
"DEG_APCC_TPR_1"	"GO:0031145"
"DEG_APCC_TPR_1"	"GO:0044770"
"DEG_APCC_TPR_1"	"GO:0005829"
"DEG_APCC_TPR_1"	"GO:0005634"
"DEG_APCC_TPR_1"	"GO:0005515"
"DEG_APCC_TPR_1"	"GO:0051988"
"DEG_APCC_TPR_1"	"GO:0000922"
"DEG_APCC_TPR_1"	"GO:0004842"
"DEG_COP1_1"	"GO:0005829"
"DEG_COP1_1"	"GO:0042593"
"DEG_COP1_1"	"GO:0010100"
"DEG_COP1_1"	"GO:0005634"
"DEG_COP1_1"	"GO:0008284"
"DEG_COP1_1"	"GO:0032436"
"DEG_COP1_1"	"GO:0005515"
"DEG_COP1_1"	"GO:0006355"
"DEG_COP1_1"	"GO:0031625"
"DEG_CRBN_cyclicCter_1"	"GO:1990000"
"DEG_CRBN_cyclicCter_1"	"GO:0071407"
"DEG_CRBN_cyclicCter_1"	"GO:0031464"
"DEG_CRBN_cyclicCter_1"	"GO:0005829"
"DEG_CRBN_cyclicCter_1"	"GO:0005886"
"DEG_CRBN_cyclicCter_1"	"GO:0005515"
"DEG_CRBN_cyclicCter_1"	"GO:0016567"
"DEG_CRL4_CDT2_1"	"GO:0005717"
"DEG_CRL4_CDT2_1"	"GO:0080008"
"DEG_CRL4_CDT2_1"	"GO:0000082"
"DEG_CRL4_CDT2_1"	"GO:0005634"
"DEG_CRL4_CDT2_1"	"GO:0005515"
"DEG_CRL4_CDT2_1"	"GO:0000209"
"DEG_CRL4_CDT2_1"	"GO:2000001"
"DEG_CRL4_CDT2_1"	"GO:0006511"
"DEG_CRL4_CDT2_1"	"GO:0004842"
"DEG_CRL4_CDT2_2"	"GO:0005717"
"DEG_CRL4_CDT2_2"	"GO:0080008"
"DEG_CRL4_CDT2_2"	"GO:0000082"
"DEG_CRL4_CDT2_2"	"GO:0005634"
"DEG_CRL4_CDT2_2"	"GO:0005515"
"DEG_CRL4_CDT2_2"	"GO:0000209"
"DEG_CRL4_CDT2_2"	"GO:2000001"
"DEG_CRL4_CDT2_2"	"GO:0006511"
"DEG_CRL4_CDT2_2"	"GO:0004842"
"DEG_Cend_DCAF12_1"	"GO:0000074"
"DEG_Cend_DCAF12_1"	"GO:0031464"
"DEG_Cend_DCAF12_1"	"GO:0005829"
"DEG_Cend_DCAF12_1"	"GO:0005634"
"DEG_Cend_DCAF12_1"	"GO:0043161"
"DEG_Cend_DCAF12_1"	"GO:0005515"
"DEG_Cend_DCAF12_1"	"GO:0019904"
"DEG_Cend_DCAF12_1"	"GO:0004842"
"DEG_Cend_FEM1AC_1"	"GO:0000074"
"DEG_Cend_FEM1AC_1"	"GO:0031462"
"DEG_Cend_FEM1AC_1"	"GO:0005829"
"DEG_Cend_FEM1AC_1"	"GO:0005634"
"DEG_Cend_FEM1AC_1"	"GO:0043161"
"DEG_Cend_FEM1AC_1"	"GO:0005515"
"DEG_Cend_FEM1AC_1"	"GO:0019904"
"DEG_Cend_FEM1AC_1"	"GO:0004842"
"DEG_Cend_FEM1B_2"	"GO:0000074"
"DEG_Cend_FEM1B_2"	"GO:0031462"
"DEG_Cend_FEM1B_2"	"GO:0005829"
"DEG_Cend_FEM1B_2"	"GO:0005634"
"DEG_Cend_FEM1B_2"	"GO:0043161"
"DEG_Cend_FEM1B_2"	"GO:0005515"
"DEG_Cend_FEM1B_2"	"GO:0019904"
"DEG_Cend_FEM1B_2"	"GO:0004842"
"DEG_Cend_KLHDC2_1"	"GO:0000074"
"DEG_Cend_KLHDC2_1"	"GO:0005829"
"DEG_Cend_KLHDC2_1"	"GO:1990615"
"DEG_Cend_KLHDC2_1"	"GO:0005634"
"DEG_Cend_KLHDC2_1"	"GO:0043161"
"DEG_Cend_KLHDC2_1"	"GO:0005515"
"DEG_Cend_KLHDC2_1"	"GO:0019904"
"DEG_Cend_KLHDC2_1"	"GO:0001514"
"DEG_Cend_KLHDC2_1"	"GO:0004842"
"DEG_Cend_TRIM7_1"	"GO:0000074"
"DEG_Cend_TRIM7_1"	"GO:0005829"
"DEG_Cend_TRIM7_1"	"GO:0045087"
"DEG_Cend_TRIM7_1"	"GO:0005634"
"DEG_Cend_TRIM7_1"	"GO:0043161"
"DEG_Cend_TRIM7_1"	"GO:0005515"
"DEG_Cend_TRIM7_1"	"GO:0019904"
"DEG_Cend_TRIM7_1"	"GO:0004842"
"DEG_Kelch_KLHL12_1"	"GO:0030135"
"DEG_Kelch_KLHL12_1"	"GO:0048208"
"DEG_Kelch_KLHL12_1"	"GO:0031463"
"DEG_Kelch_KLHL12_1"	"GO:0030659"
"DEG_Kelch_KLHL12_1"	"GO:0005829"
"DEG_Kelch_KLHL12_1"	"GO:0043161"
"DEG_Kelch_KLHL12_1"	"GO:0006511"
"DEG_Kelch_KLHL12_1"	"GO:0031625"
"DEG_Kelch_KLHL12_1"	"GO:0016055"
"DEG_Kelch_KLHL3_1"	"GO:0005829"
"DEG_Kelch_KLHL3_1"	"GO:0006811"
"DEG_Kelch_KLHL3_1"	"GO:0043161"
"DEG_Kelch_KLHL3_1"	"GO:0019904"
"DEG_Kelch_KLHL3_1"	"GO:0019901"
"DEG_Kelch_KLHL3_1"	"GO:0007243"
"DEG_Kelch_KLHL3_1"	"GO:0006511"
"DEG_Kelch_Keap1_1"	"GO:0005776"
"DEG_Kelch_Keap1_1"	"GO:0034599"
"DEG_Kelch_Keap1_1"	"GO:0031463"
"DEG_Kelch_Keap1_1"	"GO:0005829"
"DEG_Kelch_Keap1_1"	"GO:0016236"
"DEG_Kelch_Keap1_1"	"GO:0005634"
"DEG_Kelch_Keap1_1"	"GO:0043161"
"DEG_Kelch_Keap1_1"	"GO:0019904"
"DEG_Kelch_Keap1_1"	"GO:0019901"
"DEG_Kelch_Keap1_1"	"GO:0031396"
"DEG_Kelch_Keap1_1"	"GO:0006511"
"DEG_Kelch_Keap1_1"	"GO:0004842"
"DEG_Kelch_Keap1_2"	"GO:0005776"
"DEG_Kelch_Keap1_2"	"GO:0034599"
"DEG_Kelch_Keap1_2"	"GO:0031463"
"DEG_Kelch_Keap1_2"	"GO:0005829"
"DEG_Kelch_Keap1_2"	"GO:0016236"
"DEG_Kelch_Keap1_2"	"GO:0005634"
"DEG_Kelch_Keap1_2"	"GO:0043161"
"DEG_Kelch_Keap1_2"	"GO:0019904"
"DEG_Kelch_Keap1_2"	"GO:0019901"
"DEG_Kelch_Keap1_2"	"GO:0031396"
"DEG_Kelch_Keap1_2"	"GO:0006511"
"DEG_Kelch_Keap1_2"	"GO:0004842"
"DEG_Kelch_actinfilin_1"	"GO:0031463"
"DEG_Kelch_actinfilin_1"	"GO:0005829"
"DEG_Kelch_actinfilin_1"	"GO:0008328"
"DEG_Kelch_actinfilin_1"	"GO:0045211"
"DEG_Kelch_actinfilin_1"	"GO:0043161"
"DEG_Kelch_actinfilin_1"	"GO:0019904"
"DEG_Kelch_actinfilin_1"	"GO:0043113"
"DEG_Kelch_actinfilin_1"	"GO:0031396"
"DEG_Kelch_actinfilin_1"	"GO:0007268"
"DEG_Kelch_actinfilin_1"	"GO:0006511"
"DEG_MDM2_SWIB_1"	"GO:0006915"
"DEG_MDM2_SWIB_1"	"GO:0007569"
"DEG_MDM2_SWIB_1"	"GO:0007050"
"DEG_MDM2_SWIB_1"	"GO:0008283"
"DEG_MDM2_SWIB_1"	"GO:0005829"
"DEG_MDM2_SWIB_1"	"GO:0006281"
"DEG_MDM2_SWIB_1"	"GO:0097371"
"DEG_MDM2_SWIB_1"	"GO:0005634"
"DEG_MDM2_SWIB_1"	"GO:0000211"
"DEG_MDM2_SWIB_1"	"GO:0061630"
"DEG_Nend_Nbox_1"	"GO:0005829"
"DEG_Nend_Nbox_1"	"GO:0000209"
"DEG_Nend_Nbox_1"	"GO:0071596"
"DEG_Nend_Nbox_1"	"GO:0004842"
"DEG_Nend_UBRbox_1"	"GO:0005829"
"DEG_Nend_UBRbox_1"	"GO:0000209"
"DEG_Nend_UBRbox_1"	"GO:0071596"
"DEG_Nend_UBRbox_1"	"GO:0004842"
"DEG_Nend_UBRbox_2"	"GO:0005829"
"DEG_Nend_UBRbox_2"	"GO:0000209"
"DEG_Nend_UBRbox_2"	"GO:0071596"
"DEG_Nend_UBRbox_2"	"GO:0004842"
"DEG_Nend_UBRbox_3"	"GO:0005829"
"DEG_Nend_UBRbox_3"	"GO:0000209"
"DEG_Nend_UBRbox_3"	"GO:0071596"
"DEG_Nend_UBRbox_3"	"GO:0004842"
"DEG_Nend_UBRbox_4"	"GO:0005829"
"DEG_Nend_UBRbox_4"	"GO:0000209"
"DEG_Nend_UBRbox_4"	"GO:0071596"
"DEG_Nend_UBRbox_4"	"GO:0004842"
"DEG_ODPH_VHL_1"	"GO:0005829"
"DEG_ODPH_VHL_1"	"GO:0005634"
"DEG_ODPH_VHL_1"	"GO:0005515"
"DEG_ODPH_VHL_1"	"GO:0006355"
"DEG_ODPH_VHL_1"	"GO:0001666"
"DEG_ODPH_VHL_1"	"GO:0004871"
"DEG_ODPH_VHL_1"	"GO:0007165"
"DEG_SCF_COI1_1"	"GO:0009867"
"DEG_SCF_COI1_1"	"GO:0005634"
"DEG_SCF_COI1_1"	"GO:0005515"
"DEG_SCF_COI1_1"	"GO:0031396"
"DEG_SCF_COI1_1"	"GO:0019005"
"DEG_SCF_COI1_1"	"GO:0006511"
"DEG_SCF_COI1_1"	"GO:0004842"
"DEG_SCF_FBW7_1"	"GO:0005829"
"DEG_SCF_FBW7_1"	"GO:0005634"
"DEG_SCF_FBW7_1"	"GO:0005515"
"DEG_SCF_FBW7_1"	"GO:0031396"
"DEG_SCF_FBW7_1"	"GO:0004840"
"DEG_SCF_FBW7_1"	"GO:0006511"
"DEG_SCF_FBW7_1"	"GO:0004842"
"DEG_SCF_FBW7_2"	"GO:0005829"
"DEG_SCF_FBW7_2"	"GO:0005634"
"DEG_SCF_FBW7_2"	"GO:0005515"
"DEG_SCF_FBW7_2"	"GO:0031396"
"DEG_SCF_FBW7_2"	"GO:0004840"
"DEG_SCF_FBW7_2"	"GO:0006511"
"DEG_SCF_FBW7_2"	"GO:0004842"
"DEG_SCF_FBXO31_1"	"GO:0005829"
"DEG_SCF_FBXO31_1"	"GO:0031575"
"DEG_SCF_FBXO31_1"	"GO:0005634"
"DEG_SCF_FBXO31_1"	"GO:0005515"
"DEG_SCF_FBXO31_1"	"GO:0000209"
"DEG_SCF_FBXO31_1"	"GO:0031396"
"DEG_SCF_FBXO31_1"	"GO:0019005"
"DEG_SCF_FBXO31_1"	"GO:0006511"
"DEG_SCF_FBXO31_1"	"GO:0004842"
"DEG_SCF_SKP2-CKS1_1"	"GO:0005829"
"DEG_SCF_SKP2-CKS1_1"	"GO:0031575"
"DEG_SCF_SKP2-CKS1_1"	"GO:0005634"
"DEG_SCF_SKP2-CKS1_1"	"GO:0005515"
"DEG_SCF_SKP2-CKS1_1"	"GO:0000209"
"DEG_SCF_SKP2-CKS1_1"	"GO:0019005"
"DEG_SCF_SKP2-CKS1_1"	"GO:0006511"
"DEG_SCF_SKP2-CKS1_1"	"GO:0004842"
"DEG_SCF_TIR1_1"	"GO:0009734"
"DEG_SCF_TIR1_1"	"GO:0005634"
"DEG_SCF_TIR1_1"	"GO:0005515"
"DEG_SCF_TIR1_1"	"GO:0031396"
"DEG_SCF_TIR1_1"	"GO:0019005"
"DEG_SCF_TIR1_1"	"GO:0006511"
"DEG_SCF_TIR1_1"	"GO:0004842"
"DEG_SCF_TRCP1_1"	"GO:0051301"
"DEG_SCF_TRCP1_1"	"GO:0005694"
"DEG_SCF_TRCP1_1"	"GO:0005829"
"DEG_SCF_TRCP1_1"	"GO:0006281"
"DEG_SCF_TRCP1_1"	"GO:0007094"
"DEG_SCF_TRCP1_1"	"GO:0005654"
"DEG_SCF_TRCP1_1"	"GO:0005634"
"DEG_SCF_TRCP1_1"	"GO:0005515"
"DEG_SCF_TRCP1_1"	"GO:0007346"
"DEG_SCF_TRCP1_1"	"GO:0031396"
"DEG_SCF_TRCP1_1"	"GO:0004840"
"DEG_SCF_TRCP1_1"	"GO:0006511"
"DEG_SCF_TRCP1_1"	"GO:0004842"
"DEG_SIAH_1"	"GO:0005829"
"DEG_SIAH_1"	"GO:0005634"
"DEG_SIAH_1"	"GO:0005515"
"DEG_SIAH_1"	"GO:0031396"
"DEG_SIAH_1"	"GO:0007264"
"DEG_SIAH_1"	"GO:0004840"
"DEG_SIAH_1"	"GO:0006511"
"DEG_SIAH_1"	"GO:0004842"
"DEG_SPOP_SBC_1"	"GO:0031463"
"DEG_SPOP_SBC_1"	"GO:0016874"
"DEG_SPOP_SBC_1"	"GO:0016607"
"DEG_SPOP_SBC_1"	"GO:0005634"
"DEG_SPOP_SBC_1"	"GO:0016567"
"DEG_SPOP_SBC_1"	"GO:0031625"
"DOC_AGCK_PIF_1"	"GO:0004676"
"DOC_AGCK_PIF_1"	"GO:0005829"
"DOC_AGCK_PIF_1"	"GO:0009898"
"DOC_AGCK_PIF_1"	"GO:0006468"
"DOC_AGCK_PIF_1"	"GO:0005515"
"DOC_AGCK_PIF_1"	"GO:0004674"
"DOC_AGCK_PIF_1"	"GO:0007165"
"DOC_AGCK_PIF_2"	"GO:0004676"
"DOC_AGCK_PIF_2"	"GO:0005829"
"DOC_AGCK_PIF_2"	"GO:0009898"
"DOC_AGCK_PIF_2"	"GO:0006468"
"DOC_AGCK_PIF_2"	"GO:0005515"
"DOC_AGCK_PIF_2"	"GO:0004674"
"DOC_AGCK_PIF_2"	"GO:0007165"
"DOC_AGCK_PIF_3"	"GO:0004676"
"DOC_AGCK_PIF_3"	"GO:0005829"
"DOC_AGCK_PIF_3"	"GO:0009898"
"DOC_AGCK_PIF_3"	"GO:0006468"
"DOC_AGCK_PIF_3"	"GO:0005515"
"DOC_AGCK_PIF_3"	"GO:0004674"
"DOC_AGCK_PIF_3"	"GO:0007165"
"DOC_ANK_TNKS_1"	"GO:0001309"
"DOC_ANK_TNKS_1"	"GO:0071532"
"DOC_ANK_TNKS_1"	"GO:0030877"
"DOC_ANK_TNKS_1"	"GO:0000781"
"DOC_ANK_TNKS_1"	"GO:0005829"
"DOC_ANK_TNKS_1"	"GO:0035145"
"DOC_ANK_TNKS_1"	"GO:0005634"
"DOC_ANK_TNKS_1"	"GO:2000060"
"DOC_ANK_TNKS_1"	"GO:0005515"
"DOC_ANK_TNKS_1"	"GO:0070212"
"DOC_ANK_TNKS_1"	"GO:0006275"
"DOC_ANK_TNKS_1"	"GO:0000922"
"DOC_CDC14_PxL_1"	"GO:0051301"
"DOC_CDC14_PxL_1"	"GO:0005829"
"DOC_CDC14_PxL_1"	"GO:0007096"
"DOC_CDC14_PxL_1"	"GO:0071850"
"DOC_CDC14_PxL_1"	"GO:0005730"
"DOC_CDC14_PxL_1"	"GO:0005634"
"DOC_CDC14_PxL_1"	"GO:0004721"
"DOC_CKS1_1"	"GO:0007049"
"DOC_CKS1_1"	"GO:0016538"
"DOC_CKS1_1"	"GO:0005829"
"DOC_CKS1_1"	"GO:0005634"
"DOC_CKS1_1"	"GO:0005515"
"DOC_CKS1_1"	"GO:0000079"
"DOC_CYCLIN_D_Helix_1"	"GO:0051301"
"DOC_CYCLIN_D_Helix_1"	"GO:0016538"
"DOC_CYCLIN_D_Helix_1"	"GO:0005829"
"DOC_CYCLIN_D_Helix_1"	"GO:0000082"
"DOC_CYCLIN_D_Helix_1"	"GO:0031571"
"DOC_CYCLIN_D_Helix_1"	"GO:0071157"
"DOC_CYCLIN_D_Helix_1"	"GO:0031965"
"DOC_CYCLIN_D_Helix_1"	"GO:0005634"
"DOC_CYCLIN_D_Helix_1"	"GO:0019901"
"DOC_CYCLIN_RevRxL_6"	"GO:0051301"
"DOC_CYCLIN_RevRxL_6"	"GO:0016538"
"DOC_CYCLIN_RevRxL_6"	"GO:0005829"
"DOC_CYCLIN_RevRxL_6"	"GO:0005634"
"DOC_CYCLIN_RevRxL_6"	"GO:0006468"
"DOC_CYCLIN_RevRxL_6"	"GO:0019901"
"DOC_CYCLIN_RevRxL_6"	"GO:0000321"
"DOC_CYCLIN_RevRxL_6"	"GO:0007089"
"DOC_CYCLIN_RxL_1"	"GO:0015030"
"DOC_CYCLIN_RxL_1"	"GO:0007049"
"DOC_CYCLIN_RxL_1"	"GO:0051301"
"DOC_CYCLIN_RxL_1"	"GO:0005814"
"DOC_CYCLIN_RxL_1"	"GO:0051298"
"DOC_CYCLIN_RxL_1"	"GO:0030332"
"DOC_CYCLIN_RxL_1"	"GO:0004861"
"DOC_CYCLIN_RxL_1"	"GO:0016538"
"DOC_CYCLIN_RxL_1"	"GO:0005829"
"DOC_CYCLIN_RxL_1"	"GO:0016020"
"DOC_CYCLIN_RxL_1"	"GO:0005634"
"DOC_CYCLIN_RxL_1"	"GO:0045787"
"DOC_CYCLIN_RxL_1"	"GO:0006468"
"DOC_CYCLIN_RxL_1"	"GO:0019901"
"DOC_CYCLIN_RxL_1"	"GO:0000079"
"DOC_CYCLIN_RxL_1"	"GO:0030528"
"DOC_CYCLIN_RxL_1"	"GO:0016032"
"DOC_CYCLIN_yClb1_LxF_4"	"GO:0051301"
"DOC_CYCLIN_yClb1_LxF_4"	"GO:0016538"
"DOC_CYCLIN_yClb1_LxF_4"	"GO:0005829"
"DOC_CYCLIN_yClb1_LxF_4"	"GO:0000086"
"DOC_CYCLIN_yClb1_LxF_4"	"GO:0044772"
"DOC_CYCLIN_yClb1_LxF_4"	"GO:0005634"
"DOC_CYCLIN_yClb1_LxF_4"	"GO:0006468"
"DOC_CYCLIN_yClb3_PxF_3"	"GO:0051301"
"DOC_CYCLIN_yClb3_PxF_3"	"GO:0016538"
"DOC_CYCLIN_yClb3_PxF_3"	"GO:0005829"
"DOC_CYCLIN_yClb3_PxF_3"	"GO:0005634"
"DOC_CYCLIN_yClb3_PxF_3"	"GO:0006468"
"DOC_CYCLIN_yClb3_PxF_3"	"GO:0019901"
"DOC_CYCLIN_yClb3_PxF_3"	"GO:0000321"
"DOC_CYCLIN_yClb3_PxF_3"	"GO:0007089"
"DOC_CYCLIN_yClb5_NLxxxL_5"	"GO:0007049"
"DOC_CYCLIN_yClb5_NLxxxL_5"	"GO:0030332"
"DOC_CYCLIN_yClb5_NLxxxL_5"	"GO:0016538"
"DOC_CYCLIN_yClb5_NLxxxL_5"	"GO:0005634"
"DOC_CYCLIN_yClb5_NLxxxL_5"	"GO:0006468"
"DOC_CYCLIN_yClb5_NLxxxL_5"	"GO:0000079"
"DOC_CYCLIN_yCln2_LP_2"	"GO:0051301"
"DOC_CYCLIN_yCln2_LP_2"	"GO:0016538"
"DOC_CYCLIN_yCln2_LP_2"	"GO:0005829"
"DOC_CYCLIN_yCln2_LP_2"	"GO:0044772"
"DOC_CYCLIN_yCln2_LP_2"	"GO:0005634"
"DOC_CYCLIN_yCln2_LP_2"	"GO:0019901"
"DOC_CYCLIN_yCln2_LP_2"	"GO:0000079"
"DOC_GSK3_Axin_1"	"GO:0032147"
"DOC_GSK3_Axin_1"	"GO:0008013"
"DOC_GSK3_Axin_1"	"GO:0030877"
"DOC_GSK3_Axin_1"	"GO:0060823"
"DOC_GSK3_Axin_1"	"GO:0005829"
"DOC_GSK3_Axin_1"	"GO:0001701"
"DOC_GSK3_Axin_1"	"GO:0005886"
"DOC_GSK3_Axin_1"	"GO:2000060"
"DOC_GSK3_Axin_1"	"GO:0032947"
"DOC_GSK3_Axin_1"	"GO:0019901"
"DOC_GSK3_Axin_1"	"GO:0060828"
"DOC_GSK3_Axin_1"	"GO:0035412"
"DOC_GSK3_Axin_1"	"GO:0004871"
"DOC_GSK3_Axin_1"	"GO:0090244"
"DOC_MAPK_DCC_7"	"GO:0008283"
"DOC_MAPK_DCC_7"	"GO:0005829"
"DOC_MAPK_DCC_7"	"GO:0035556"
"DOC_MAPK_DCC_7"	"GO:0000165"
"DOC_MAPK_DCC_7"	"GO:0005634"
"DOC_MAPK_DCC_7"	"GO:0006468"
"DOC_MAPK_DCC_7"	"GO:0005515"
"DOC_MAPK_DCC_7"	"GO:0019901"
"DOC_MAPK_DCC_7"	"GO:0004674"
"DOC_MAPK_DCC_7"	"GO:0006355"
"DOC_MAPK_DCC_7"	"GO:0005667"
"DOC_MAPK_FxFP_2"	"GO:0005829"
"DOC_MAPK_FxFP_2"	"GO:0000165"
"DOC_MAPK_FxFP_2"	"GO:0051019"
"DOC_MAPK_FxFP_2"	"GO:0048273"
"DOC_MAPK_FxFP_2"	"GO:0005634"
"DOC_MAPK_FxFP_2"	"GO:0007243"
"DOC_MAPK_GRA24_9"	"GO:0005737"
"DOC_MAPK_GRA24_9"	"GO:0005829"
"DOC_MAPK_GRA24_9"	"GO:0006955"
"DOC_MAPK_GRA24_9"	"GO:0035556"
"DOC_MAPK_GRA24_9"	"GO:0005634"
"DOC_MAPK_GRA24_9"	"GO:0006468"
"DOC_MAPK_GRA24_9"	"GO:0005515"
"DOC_MAPK_GRA24_9"	"GO:0043234"
"DOC_MAPK_GRA24_9"	"GO:0019901"
"DOC_MAPK_GRA24_9"	"GO:0006355"
"DOC_MAPK_HePTP_8"	"GO:0008283"
"DOC_MAPK_HePTP_8"	"GO:0005829"
"DOC_MAPK_HePTP_8"	"GO:0035556"
"DOC_MAPK_HePTP_8"	"GO:0000165"
"DOC_MAPK_HePTP_8"	"GO:0016020"
"DOC_MAPK_HePTP_8"	"GO:0005634"
"DOC_MAPK_HePTP_8"	"GO:0035335"
"DOC_MAPK_HePTP_8"	"GO:0006468"
"DOC_MAPK_HePTP_8"	"GO:0005515"
"DOC_MAPK_HePTP_8"	"GO:0016485"
"DOC_MAPK_HePTP_8"	"GO:0004674"
"DOC_MAPK_HePTP_8"	"GO:0006355"
"DOC_MAPK_JIP1_4"	"GO:0007257"
"DOC_MAPK_JIP1_4"	"GO:0006915"
"DOC_MAPK_JIP1_4"	"GO:0030424"
"DOC_MAPK_JIP1_4"	"GO:0007010"
"DOC_MAPK_JIP1_4"	"GO:0005829"
"DOC_MAPK_JIP1_4"	"GO:0008286"
"DOC_MAPK_JIP1_4"	"GO:0035556"
"DOC_MAPK_JIP1_4"	"GO:0007254"
"DOC_MAPK_JIP1_4"	"GO:0004706"
"DOC_MAPK_JIP1_4"	"GO:0016301"
"DOC_MAPK_JIP1_4"	"GO:0005078"
"DOC_MAPK_JIP1_4"	"GO:0031435"
"DOC_MAPK_JIP1_4"	"GO:0007399"
"DOC_MAPK_JIP1_4"	"GO:0043005"
"DOC_MAPK_JIP1_4"	"GO:0005634"
"DOC_MAPK_JIP1_4"	"GO:0006468"
"DOC_MAPK_JIP1_4"	"GO:0005515"
"DOC_MAPK_JIP1_4"	"GO:0043234"
"DOC_MAPK_JIP1_4"	"GO:0032947"
"DOC_MAPK_JIP1_4"	"GO:0043506"
"DOC_MAPK_JIP1_4"	"GO:0006355"
"DOC_MAPK_JIP1_4"	"GO:0000982"
"DOC_MAPK_MEF2A_6"	"GO:0003876"
"DOC_MAPK_MEF2A_6"	"GO:0072709"
"DOC_MAPK_MEF2A_6"	"GO:0005829"
"DOC_MAPK_MEF2A_6"	"GO:0007507"
"DOC_MAPK_MEF2A_6"	"GO:0035556"
"DOC_MAPK_MEF2A_6"	"GO:0000165"
"DOC_MAPK_MEF2A_6"	"GO:0005634"
"DOC_MAPK_MEF2A_6"	"GO:0006468"
"DOC_MAPK_MEF2A_6"	"GO:0005515"
"DOC_MAPK_MEF2A_6"	"GO:0019901"
"DOC_MAPK_MEF2A_6"	"GO:0004674"
"DOC_MAPK_MEF2A_6"	"GO:0006355"
"DOC_MAPK_MEF2A_6"	"GO:0005667"
"DOC_MAPK_NFAT4_5"	"GO:0007257"
"DOC_MAPK_NFAT4_5"	"GO:0006915"
"DOC_MAPK_NFAT4_5"	"GO:0007010"
"DOC_MAPK_NFAT4_5"	"GO:0005829"
"DOC_MAPK_NFAT4_5"	"GO:0008286"
"DOC_MAPK_NFAT4_5"	"GO:0035556"
"DOC_MAPK_NFAT4_5"	"GO:0007254"
"DOC_MAPK_NFAT4_5"	"GO:0004706"
"DOC_MAPK_NFAT4_5"	"GO:0016301"
"DOC_MAPK_NFAT4_5"	"GO:0004708"
"DOC_MAPK_NFAT4_5"	"GO:0031435"
"DOC_MAPK_NFAT4_5"	"GO:0007399"
"DOC_MAPK_NFAT4_5"	"GO:0043005"
"DOC_MAPK_NFAT4_5"	"GO:0005634"
"DOC_MAPK_NFAT4_5"	"GO:0032874"
"DOC_MAPK_NFAT4_5"	"GO:0006468"
"DOC_MAPK_NFAT4_5"	"GO:0005515"
"DOC_MAPK_NFAT4_5"	"GO:0043234"
"DOC_MAPK_NFAT4_5"	"GO:0032947"
"DOC_MAPK_NFAT4_5"	"GO:0043506"
"DOC_MAPK_NFAT4_5"	"GO:0006355"
"DOC_MAPK_NFAT4_5"	"GO:0000982"
"DOC_MAPK_RevD_3"	"GO:0000187"
"DOC_MAPK_RevD_3"	"GO:0005829"
"DOC_MAPK_RevD_3"	"GO:0035556"
"DOC_MAPK_RevD_3"	"GO:0000165"
"DOC_MAPK_RevD_3"	"GO:0051019"
"DOC_MAPK_RevD_3"	"GO:0048273"
"DOC_MAPK_RevD_3"	"GO:0005634"
"DOC_MAPK_gen_1"	"GO:0000187"
"DOC_MAPK_gen_1"	"GO:0005829"
"DOC_MAPK_gen_1"	"GO:0000165"
"DOC_MAPK_gen_1"	"GO:0051019"
"DOC_MAPK_gen_1"	"GO:0048273"
"DOC_MAPK_gen_1"	"GO:0005634"
"DOC_MAPK_gen_1"	"GO:0007243"
"DOC_MIT_MIM_1"	"GO:0009838"
"DOC_MIT_MIM_1"	"GO:0051301"
"DOC_MIT_MIM_1"	"GO:0005813"
"DOC_MIT_MIM_1"	"GO:0005829"
"DOC_MIT_MIM_1"	"GO:0010008"
"DOC_MIT_MIM_1"	"GO:1904903"
"DOC_MIT_MIM_1"	"GO:0030496"
"DOC_MIT_MIM_1"	"GO:0090541"
"DOC_MIT_MIM_1"	"GO:0005771"
"DOC_MIT_MIM_1"	"GO:0005635"
"DOC_MIT_MIM_1"	"GO:0044877"
"DOC_MIT_MIM_1"	"GO:0019904"
"DOC_MIT_MIM_1"	"GO:0039702"
"DOC_PIKK_1"	"GO:0042769"
"DOC_PIKK_1"	"GO:0005634"
"DOC_PIKK_1"	"GO:0005515"
"DOC_PP1_MyPhoNE_1"	"GO:0007049"
"DOC_PP1_MyPhoNE_1"	"GO:0005829"
"DOC_PP1_MyPhoNE_1"	"GO:0006936"
"DOC_PP1_MyPhoNE_1"	"GO:0005634"
"DOC_PP1_MyPhoNE_1"	"GO:0005515"
"DOC_PP1_MyPhoNE_1"	"GO:0008157"
"DOC_PP1_MyPhoNE_1"	"GO:0000164"
"DOC_PP1_RVXF_1"	"GO:0005488"
"DOC_PP1_RVXF_1"	"GO:0007049"
"DOC_PP1_RVXF_1"	"GO:0008151"
"DOC_PP1_RVXF_1"	"GO:0005829"
"DOC_PP1_RVXF_1"	"GO:0005977"
"DOC_PP1_RVXF_1"	"GO:0006936"
"DOC_PP1_RVXF_1"	"GO:0005634"
"DOC_PP1_RVXF_1"	"GO:0006470"
"DOC_PP1_RVXF_1"	"GO:0005515"
"DOC_PP1_RVXF_1"	"GO:0008157"
"DOC_PP1_RVXF_1"	"GO:0004864"
"DOC_PP1_RVXF_1"	"GO:0000164"
"DOC_PP1_RVXF_1"	"GO:0007165"
"DOC_PP1_RVXF_1"	"GO:0005865"
"DOC_PP1_SILK_1"	"GO:0007049"
"DOC_PP1_SILK_1"	"GO:0005829"
"DOC_PP1_SILK_1"	"GO:0006091"
"DOC_PP1_SILK_1"	"GO:0005977"
"DOC_PP1_SILK_1"	"GO:0006936"
"DOC_PP1_SILK_1"	"GO:0005634"
"DOC_PP1_SILK_1"	"GO:0005515"
"DOC_PP1_SILK_1"	"GO:0008157"
"DOC_PP1_SILK_1"	"GO:0019888"
"DOC_PP1_SILK_1"	"GO:0000164"
"DOC_PP1_SILK_1"	"GO:0008599"
"DOC_PP1_SILK_1"	"GO:0009966"
"DOC_PP1_SILK_1"	"GO:0006396"
"DOC_PP1_SILK_1"	"GO:0006351"
"DOC_PP2A_B56_1"	"GO:0008608"
"DOC_PP2A_B56_1"	"GO:0007049"
"DOC_PP2A_B56_1"	"GO:0000775"
"DOC_PP2A_B56_1"	"GO:0007059"
"DOC_PP2A_B56_1"	"GO:0005829"
"DOC_PP2A_B56_1"	"GO:0000776"
"DOC_PP2A_B56_1"	"GO:0005634"
"DOC_PP2A_B56_1"	"GO:0035307"
"DOC_PP2A_B56_1"	"GO:0005515"
"DOC_PP2A_B56_1"	"GO:0051721"
"DOC_PP2A_B56_1"	"GO:0051988"
"DOC_PP2B_LxvP_1"	"GO:0005955"
"DOC_PP2B_LxvP_1"	"GO:0033173"
"DOC_PP2B_LxvP_1"	"GO:0004723"
"DOC_PP2B_LxvP_1"	"GO:0033192"
"DOC_PP2B_LxvP_1"	"GO:0005829"
"DOC_PP2B_LxvP_1"	"GO:0030346"
"DOC_PP2B_LxvP_1"	"GO:0005634"
"DOC_PP2B_LxvP_1"	"GO:0006470"
"DOC_PP2B_LxvP_1"	"GO:0005515"
"DOC_PP2B_LxvP_1"	"GO:0032512"
"DOC_PP2B_PxIxIT_1"	"GO:0005955"
"DOC_PP2B_PxIxIT_1"	"GO:0033173"
"DOC_PP2B_PxIxIT_1"	"GO:0004723"
"DOC_PP2B_PxIxIT_1"	"GO:0005509"
"DOC_PP2B_PxIxIT_1"	"GO:0033192"
"DOC_PP2B_PxIxIT_1"	"GO:0005829"
"DOC_PP2B_PxIxIT_1"	"GO:0042406"
"DOC_PP2B_PxIxIT_1"	"GO:0031234"
"DOC_PP2B_PxIxIT_1"	"GO:0030346"
"DOC_PP2B_PxIxIT_1"	"GO:0031235"
"DOC_PP2B_PxIxIT_1"	"GO:0005634"
"DOC_PP2B_PxIxIT_1"	"GO:0042277"
"DOC_PP2B_PxIxIT_1"	"GO:0006470"
"DOC_PP2B_PxIxIT_1"	"GO:0032512"
"DOC_PP4_FxxP_1"	"GO:0051382"
"DOC_PP4_FxxP_1"	"GO:0000281"
"DOC_PP4_FxxP_1"	"GO:0005654"
"DOC_PP4_FxxP_1"	"GO:0005634"
"DOC_PP4_FxxP_1"	"GO:0031054"
"DOC_PP4_FxxP_1"	"GO:0004721"
"DOC_PP4_FxxP_1"	"GO:1905405"
"DOC_PP4_FxxP_1"	"GO:0006974"
"DOC_PP4_MxPP_1"	"GO:0051382"
"DOC_PP4_MxPP_1"	"GO:0000281"
"DOC_PP4_MxPP_1"	"GO:0005654"
"DOC_PP4_MxPP_1"	"GO:0005634"
"DOC_PP4_MxPP_1"	"GO:0031054"
"DOC_PP4_MxPP_1"	"GO:0004721"
"DOC_PP4_MxPP_1"	"GO:1905405"
"DOC_PP4_MxPP_1"	"GO:0006974"
"DOC_PUB_PIM_1"	"GO:0005829"
"DOC_PUB_PIM_1"	"GO:0071797"
"DOC_PUB_PIM_1"	"GO:1990108"
"DOC_PUB_PIM_1"	"GO:0016567"
"DOC_PUB_PIM_1"	"GO:0050727"
"DOC_PUB_PIM_1"	"GO:0010803"
"DOC_PUB_PIM_1"	"GO:0031625"
"DOC_RSK_DDVF_1"	"GO:0032147"
"DOC_RSK_DDVF_1"	"GO:0005829"
"DOC_RSK_DDVF_1"	"GO:0052167"
"DOC_RSK_DDVF_1"	"GO:0005515"
"DOC_RSK_DDVF_1"	"GO:0006417"
"DOC_RSK_DDVF_1"	"GO:0043555"
"DOC_RSK_DDVF_1"	"GO:0004711"
"DOC_SPAK_OSR1_1"	"GO:0005829"
"DOC_SPAK_OSR1_1"	"GO:0009898"
"DOC_SPAK_OSR1_1"	"GO:0006811"
"DOC_SPAK_OSR1_1"	"GO:0003084"
"DOC_SPAK_OSR1_1"	"GO:0006468"
"DOC_SPAK_OSR1_1"	"GO:0005515"
"DOC_SPAK_OSR1_1"	"GO:0002028"
"DOC_TBK1_STING_1"	"GO:0002218"
"DOC_TBK1_STING_1"	"GO:1990786"
"DOC_TBK1_STING_1"	"GO:0098554"
"DOC_TBK1_STING_1"	"GO:0005829"
"DOC_TBK1_STING_1"	"GO:0051607"
"DOC_TBK1_STING_1"	"GO:0032728"
"DOC_TBK1_STING_1"	"GO:0001934"
"DOC_TBK1_STING_1"	"GO:0032481"
"DOC_TBK1_STING_1"	"GO:1905719"
"DOC_TBK1_STING_1"	"GO:0032479"
"DOC_TBK1_STING_1"	"GO:0007165"
"DOC_TBK1_STING_1"	"GO:0060337"
"DOC_USP7_MATH_1"	"GO:0005634"
"DOC_USP7_MATH_1"	"GO:0042277"
"DOC_USP7_MATH_1"	"GO:0016579"
"DOC_USP7_MATH_1"	"GO:0004843"
"DOC_USP7_MATH_2"	"GO:0005634"
"DOC_USP7_MATH_2"	"GO:0042277"
"DOC_USP7_MATH_2"	"GO:0016579"
"DOC_USP7_MATH_2"	"GO:0004843"
"DOC_USP7_UBL2_3"	"GO:0005634"
"DOC_USP7_UBL2_3"	"GO:0042277"
"DOC_USP7_UBL2_3"	"GO:0016579"
"DOC_USP7_UBL2_3"	"GO:0004843"
"DOC_WD40_RPTOR_TOS_1"	"GO:0016049"
"DOC_WD40_RPTOR_TOS_1"	"GO:0005829"
"DOC_WD40_RPTOR_TOS_1"	"GO:0005515"
"DOC_WD40_RPTOR_TOS_1"	"GO:0006445"
"DOC_WW_Pin1_4"	"GO:0000074"
"DOC_WW_Pin1_4"	"GO:0008283"
"DOC_WW_Pin1_4"	"GO:0005829"
"DOC_WW_Pin1_4"	"GO:0003901"
"DOC_WW_Pin1_4"	"GO:0007091"
"DOC_WW_Pin1_4"	"GO:0005634"
"DOC_WW_Pin1_4"	"GO:0003755"
"DOC_WW_Pin1_4"	"GO:0007088"
"DOC_WW_Pin1_4"	"GO:0007089"
"DOC_WW_Pin1_4"	"GO:0006366"
"DOC_WW_Pin1_4"	"GO:0050699"
"LIG_14-3-3_CanoR_1"	"GO:0006915"
"LIG_14-3-3_CanoR_1"	"GO:0008283"
"LIG_14-3-3_CanoR_1"	"GO:0006342"
"LIG_14-3-3_CanoR_1"	"GO:0005829"
"LIG_14-3-3_CanoR_1"	"GO:0010467"
"LIG_14-3-3_CanoR_1"	"GO:0007186"
"LIG_14-3-3_CanoR_1"	"GO:0008630"
"LIG_14-3-3_CanoR_1"	"GO:0009898"
"LIG_14-3-3_CanoR_1"	"GO:0035556"
"LIG_14-3-3_CanoR_1"	"GO:0006298"
"LIG_14-3-3_CanoR_1"	"GO:0005634"
"LIG_14-3-3_CanoR_1"	"GO:0019904"
"LIG_14-3-3_CanoR_1"	"GO:0051726"
"LIG_14-3-3_CanoR_1"	"GO:0006351"
"LIG_14-3-3_ChREBP_3"	"GO:0035538"
"LIG_14-3-3_ChREBP_3"	"GO:0005829"
"LIG_14-3-3_ChREBP_3"	"GO:0055089"
"LIG_14-3-3_ChREBP_3"	"GO:0005634"
"LIG_14-3-3_ChREBP_3"	"GO:0005515"
"LIG_14-3-3_ChREBP_3"	"GO:0046983"
"LIG_14-3-3_ChREBP_3"	"GO:0042304"
"LIG_14-3-3_ChREBP_3"	"GO:0006110"
"LIG_14-3-3_ChREBP_3"	"GO:0009749"
"LIG_14-3-3_CterR_2"	"GO:0006915"
"LIG_14-3-3_CterR_2"	"GO:0008283"
"LIG_14-3-3_CterR_2"	"GO:0006342"
"LIG_14-3-3_CterR_2"	"GO:0005829"
"LIG_14-3-3_CterR_2"	"GO:0010467"
"LIG_14-3-3_CterR_2"	"GO:0007186"
"LIG_14-3-3_CterR_2"	"GO:0008630"
"LIG_14-3-3_CterR_2"	"GO:0009898"
"LIG_14-3-3_CterR_2"	"GO:0035556"
"LIG_14-3-3_CterR_2"	"GO:0006298"
"LIG_14-3-3_CterR_2"	"GO:0005634"
"LIG_14-3-3_CterR_2"	"GO:0019904"
"LIG_14-3-3_CterR_2"	"GO:0051726"
"LIG_14-3-3_CterR_2"	"GO:0006351"
"LIG_ANK_PxLPxL_1"	"GO:0098562"
"LIG_ANK_PxLPxL_1"	"GO:0005829"
"LIG_ANK_PxLPxL_1"	"GO:0005634"
"LIG_ANK_PxLPxL_1"	"GO:0045944"
"LIG_ANK_PxLPxL_1"	"GO:0005515"
"LIG_ANK_PxLPxL_1"	"GO:0031063"
"LIG_ANK_PxLPxL_1"	"GO:0045346"
"LIG_ANK_PxLPxL_1"	"GO:0006355"
"LIG_ANK_PxLPxL_1"	"GO:0006357"
"LIG_ANK_PxLPxL_1"	"GO:0003712"
"LIG_AP2alpha_1"	"GO:0045334"
"LIG_AP2alpha_1"	"GO:0005829"
"LIG_AP2alpha_1"	"GO:0006897"
"LIG_AP2alpha_1"	"GO:0015029"
"LIG_AP2alpha_1"	"GO:0005515"
"LIG_AP2alpha_1"	"GO:0006898"
"LIG_AP2alpha_1"	"GO:0005068"
"LIG_AP2alpha_2"	"GO:0045334"
"LIG_AP2alpha_2"	"GO:0005829"
"LIG_AP2alpha_2"	"GO:0006897"
"LIG_AP2alpha_2"	"GO:0005515"
"LIG_AP2alpha_2"	"GO:0006898"
"LIG_APCC_ABBA_1"	"GO:0010997"
"LIG_APCC_ABBA_1"	"GO:0031145"
"LIG_APCC_ABBA_1"	"GO:0005829"
"LIG_APCC_ABBA_1"	"GO:1904667"
"LIG_APCC_ABBA_1"	"GO:0005634"
"LIG_APCC_ABBA_1"	"GO:0031398"
"LIG_APCC_ABBA_1"	"GO:1903362"
"LIG_APCC_ABBA_1"	"GO:0007346"
"LIG_APCC_ABBA_1"	"GO:0000922"
"LIG_APCC_ABBA_1"	"GO:1990948"
"LIG_APCC_Cbox_1"	"GO:0051488"
"LIG_APCC_Cbox_1"	"GO:0005680"
"LIG_APCC_Cbox_1"	"GO:0031145"
"LIG_APCC_Cbox_1"	"GO:0044770"
"LIG_APCC_Cbox_1"	"GO:0005829"
"LIG_APCC_Cbox_1"	"GO:0005634"
"LIG_APCC_Cbox_1"	"GO:0005515"
"LIG_APCC_Cbox_1"	"GO:0004842"
"LIG_APCC_Cbox_2"	"GO:0051488"
"LIG_APCC_Cbox_2"	"GO:0005680"
"LIG_APCC_Cbox_2"	"GO:0031145"
"LIG_APCC_Cbox_2"	"GO:0044770"
"LIG_APCC_Cbox_2"	"GO:0005829"
"LIG_APCC_Cbox_2"	"GO:0005634"
"LIG_APCC_Cbox_2"	"GO:0005515"
"LIG_APCC_Cbox_2"	"GO:0004842"
"LIG_AP_GAE_1"	"GO:0016190"
"LIG_AP_GAE_1"	"GO:0030130"
"LIG_AP_GAE_1"	"GO:0005829"
"LIG_AP_GAE_1"	"GO:0005769"
"LIG_AP_GAE_1"	"GO:0005794"
"LIG_AP_GAE_1"	"GO:0006895"
"LIG_AP_GAE_1"	"GO:0005802"
"LIG_AP_GAE_1"	"GO:0005515"
"LIG_AP_GAE_1"	"GO:0019904"
"LIG_AP_GAE_1"	"GO:0016192"
"LIG_ARL_BART_1"	"GO:0005929"
"LIG_ARL_BART_1"	"GO:0005829"
"LIG_ARL_BART_1"	"GO:0006112"
"LIG_ARL_BART_1"	"GO:0003924"
"LIG_ARL_BART_1"	"GO:0005095"
"LIG_ARL_BART_1"	"GO:0051457"
"LIG_ARL_BART_1"	"GO:0005739"
"LIG_ARL_BART_1"	"GO:0005634"
"LIG_ARL_BART_1"	"GO:0042531"
"LIG_ARL_BART_1"	"GO:0005515"
"LIG_ARL_BART_1"	"GO:0007264"
"LIG_ARL_BART_1"	"GO:0003713"
"LIG_ARL_BART_1"	"GO:0007021"
"LIG_ARS2_EDGEI_1"	"GO:0035196"
"LIG_ARS2_EDGEI_1"	"GO:0006397"
"LIG_ARS2_EDGEI_1"	"GO:1990477"
"LIG_ARS2_EDGEI_1"	"GO:0071027"
"LIG_ARS2_EDGEI_1"	"GO:0005634"
"LIG_ARS2_EDGEI_1"	"GO:0005515"
"LIG_ARS2_EDGEI_1"	"GO:0032991"
"LIG_ARS2_EDGEI_1"	"GO:0019904"
"LIG_ARS2_EDGEI_1"	"GO:0061013"
"LIG_ActinCP_CPI_1"	"GO:0007015"
"LIG_ActinCP_CPI_1"	"GO:0005856"
"LIG_ActinCP_CPI_1"	"GO:0005829"
"LIG_ActinCP_CPI_1"	"GO:2000813"
"LIG_ActinCP_CPI_1"	"GO:0030838"
"LIG_ActinCP_CPI_1"	"GO:0005515"
"LIG_ActinCP_CPI_1"	"GO:0044877"
"LIG_ActinCP_TwfCPI_2"	"GO:0007015"
"LIG_ActinCP_TwfCPI_2"	"GO:0005856"
"LIG_ActinCP_TwfCPI_2"	"GO:0005829"
"LIG_ActinCP_TwfCPI_2"	"GO:2000813"
"LIG_ActinCP_TwfCPI_2"	"GO:0030838"
"LIG_ActinCP_TwfCPI_2"	"GO:0005515"
"LIG_ActinCP_TwfCPI_2"	"GO:0044877"
"LIG_Actin_RPEL_3"	"GO:0003779"
"LIG_Actin_RPEL_3"	"GO:0005829"
"LIG_Actin_RPEL_3"	"GO:0042306"
"LIG_Actin_WH2_1"	"GO:0003779"
"LIG_Actin_WH2_1"	"GO:0005829"
"LIG_Actin_WH2_1"	"GO:0051125"
"LIG_Actin_WH2_1"	"GO:0008064"
"LIG_Actin_WH2_1"	"GO:0034315"
"LIG_Actin_WH2_1"	"GO:2000812"
"LIG_Actin_WH2_2"	"GO:0003779"
"LIG_Actin_WH2_2"	"GO:0005829"
"LIG_Actin_WH2_2"	"GO:0051125"
"LIG_Actin_WH2_2"	"GO:0008064"
"LIG_Actin_WH2_2"	"GO:0034315"
"LIG_Actin_WH2_2"	"GO:2000812"
"LIG_Arc_Nlobe_1"	"GO:0005829"
"LIG_Arc_Nlobe_1"	"GO:0098978"
"LIG_Arc_Nlobe_1"	"GO:0060090"
"LIG_Arc_Nlobe_1"	"GO:2000969"
"LIG_Arc_Nlobe_1"	"GO:0014069"
"LIG_Arc_Nlobe_1"	"GO:0098839"
"LIG_Arc_Nlobe_1"	"GO:0061001"
"LIG_Arc_Nlobe_1"	"GO:0048168"
"LIG_BH_BH3_1"	"GO:0048102"
"LIG_BH_BH3_1"	"GO:0097136"
"LIG_BH_BH3_1"	"GO:0051400"
"LIG_BH_BH3_1"	"GO:0019725"
"LIG_BH_BH3_1"	"GO:0005829"
"LIG_BH_BH3_1"	"GO:0005789"
"LIG_BH_BH3_1"	"GO:0032592"
"LIG_BH_BH3_1"	"GO:0097193"
"LIG_BH_BH3_1"	"GO:0097345"
"LIG_BH_BH3_1"	"GO:0043065"
"LIG_BH_BH3_1"	"GO:0032464"
"LIG_BH_BH3_1"	"GO:0090200"
"LIG_BH_BH3_1"	"GO:0005515"
"LIG_BH_BH3_1"	"GO:0046982"
"LIG_BH_BH3_1"	"GO:0001844"
"LIG_BH_BH3_1"	"GO:0031625"
"LIG_BH_BH3_1"	"GO:0019048"
"LIG_BIR_III_1"	"GO:0006916"
"LIG_BIR_III_1"	"GO:0006915"
"LIG_BIR_III_1"	"GO:0005829"
"LIG_BIR_III_1"	"GO:0005739"
"LIG_BIR_III_1"	"GO:0005515"
"LIG_BIR_III_1"	"GO:0051605"
"LIG_BIR_III_1"	"GO:0016567"
"LIG_BIR_III_1"	"GO:0042981"
"LIG_BIR_III_2"	"GO:0006916"
"LIG_BIR_III_2"	"GO:0006915"
"LIG_BIR_III_2"	"GO:0005829"
"LIG_BIR_III_2"	"GO:0005739"
"LIG_BIR_III_2"	"GO:0005515"
"LIG_BIR_III_2"	"GO:0051605"
"LIG_BIR_III_2"	"GO:0016567"
"LIG_BIR_III_2"	"GO:0042981"
"LIG_BIR_III_3"	"GO:0006916"
"LIG_BIR_III_3"	"GO:0006915"
"LIG_BIR_III_3"	"GO:0005829"
"LIG_BIR_III_3"	"GO:0005739"
"LIG_BIR_III_3"	"GO:0005515"
"LIG_BIR_III_3"	"GO:0051605"
"LIG_BIR_III_3"	"GO:0016567"
"LIG_BIR_III_3"	"GO:0042981"
"LIG_BIR_III_4"	"GO:0006916"
"LIG_BIR_III_4"	"GO:0006915"
"LIG_BIR_III_4"	"GO:0005829"
"LIG_BIR_III_4"	"GO:0005739"
"LIG_BIR_III_4"	"GO:0005515"
"LIG_BIR_III_4"	"GO:0051605"
"LIG_BIR_III_4"	"GO:0016567"
"LIG_BIR_III_4"	"GO:0042981"
"LIG_BIR_II_1"	"GO:0006916"
"LIG_BIR_II_1"	"GO:0006915"
"LIG_BIR_II_1"	"GO:0005829"
"LIG_BIR_II_1"	"GO:0005739"
"LIG_BIR_II_1"	"GO:0005515"
"LIG_BIR_II_1"	"GO:0051605"
"LIG_BIR_II_1"	"GO:0016567"
"LIG_BIR_II_1"	"GO:0042981"
"LIG_BRCT_BRCA1_1"	"GO:0031436"
"LIG_BRCT_BRCA1_1"	"GO:0000077"
"LIG_BRCT_BRCA1_1"	"GO:0006975"
"LIG_BRCT_BRCA1_1"	"GO:0005634"
"LIG_BRCT_BRCA1_1"	"GO:0019904"
"LIG_BRCT_BRCA1_2"	"GO:0031436"
"LIG_BRCT_BRCA1_2"	"GO:0000077"
"LIG_BRCT_BRCA1_2"	"GO:0006975"
"LIG_BRCT_BRCA1_2"	"GO:0005634"
"LIG_BRCT_BRCA1_2"	"GO:0019904"
"LIG_BRCT_MDC1_1"	"GO:0006975"
"LIG_BRCT_MDC1_1"	"GO:0006302"
"LIG_BRCT_MDC1_1"	"GO:0005634"
"LIG_BRCT_MDC1_1"	"GO:0019904"
"LIG_CAP-Gly_1"	"GO:0005829"
"LIG_CAP-Gly_1"	"GO:0030951"
"LIG_CAP-Gly_1"	"GO:0005874"
"LIG_CAP-Gly_1"	"GO:0007018"
"LIG_CAP-Gly_1"	"GO:0007017"
"LIG_CAP-Gly_1"	"GO:0000226"
"LIG_CAP-Gly_1"	"GO:0051010"
"LIG_CAP-Gly_1"	"GO:0031109"
"LIG_CAP-Gly_1"	"GO:0031535"
"LIG_CAP-Gly_1"	"GO:0019904"
"LIG_CAP-Gly_1"	"GO:0032886"
"LIG_CAP-Gly_2"	"GO:0031122"
"LIG_CAP-Gly_2"	"GO:0005829"
"LIG_CAP-Gly_2"	"GO:0030951"
"LIG_CAP-Gly_2"	"GO:0005874"
"LIG_CAP-Gly_2"	"GO:0007018"
"LIG_CAP-Gly_2"	"GO:0000226"
"LIG_CAP-Gly_2"	"GO:0051010"
"LIG_CAP-Gly_2"	"GO:0031109"
"LIG_CAP-Gly_2"	"GO:0031535"
"LIG_CAP-Gly_2"	"GO:0032886"
"LIG_CNOT1_NIM_1"	"GO:0016477"
"LIG_CNOT1_NIM_1"	"GO:0005829"
"LIG_CNOT1_NIM_1"	"GO:0010631"
"LIG_CNOT1_NIM_1"	"GO:0017148"
"LIG_CNOT1_NIM_1"	"GO:0048471"
"LIG_CNOT1_NIM_1"	"GO:0005515"
"LIG_CNOT1_NIM_1"	"GO:0006417"
"LIG_CNOT1_NIM_1"	"GO:0030371"
"LIG_CORNRBOX"	"GO:0016481"
"LIG_CORNRBOX"	"GO:0005634"
"LIG_CORNRBOX"	"GO:0045449"
"LIG_CORNRBOX"	"GO:0003712"
"LIG_CORNRBOX"	"GO:0003714"
"LIG_CORNRBOX"	"GO:0008134"
"LIG_CSK_EPIYA_1"	"GO:0002250"
"LIG_CSK_EPIYA_1"	"GO:0016477"
"LIG_CSK_EPIYA_1"	"GO:0005829"
"LIG_CSK_EPIYA_1"	"GO:0002376"
"LIG_CSK_EPIYA_1"	"GO:0045087"
"LIG_CSK_EPIYA_1"	"GO:0009898"
"LIG_CSK_EPIYA_1"	"GO:0008285"
"LIG_CSK_EPIYA_1"	"GO:0033673"
"LIG_CSK_EPIYA_1"	"GO:0050765"
"LIG_CSK_EPIYA_1"	"GO:0016310"
"LIG_CSK_EPIYA_1"	"GO:0006468"
"LIG_CSK_EPIYA_1"	"GO:0019904"
"LIG_CSK_EPIYA_1"	"GO:0060368"
"LIG_CSL_BTD_1"	"GO:0030154"
"LIG_CSL_BTD_1"	"GO:0071384"
"LIG_CSL_BTD_1"	"GO:0000785"
"LIG_CSL_BTD_1"	"GO:0007275"
"LIG_CSL_BTD_1"	"GO:0007219"
"LIG_CSL_BTD_1"	"GO:0005634"
"LIG_CSL_BTD_1"	"GO:0031100"
"LIG_CSL_BTD_1"	"GO:0019904"
"LIG_CSL_BTD_1"	"GO:0030334"
"LIG_CSL_BTD_1"	"GO:0006355"
"LIG_CSL_BTD_1"	"GO:0006351"
"LIG_CSL_BTD_1"	"GO:0003700"
"LIG_CSL_BTD_1"	"GO:0005667"
"LIG_CaMK_CASK_1"	"GO:0007155"
"LIG_CaMK_CASK_1"	"GO:0005829"
"LIG_CaMK_CASK_1"	"GO:0030073"
"LIG_CaMK_CASK_1"	"GO:0009898"
"LIG_CaMK_CASK_1"	"GO:0060090"
"LIG_CaMK_CASK_1"	"GO:0007269"
"LIG_CaMK_CASK_1"	"GO:0005634"
"LIG_CaMK_CASK_1"	"GO:0005515"
"LIG_CaMK_CASK_1"	"GO:0032947"
"LIG_CaMK_CASK_1"	"GO:0042802"
"LIG_CaMK_CASK_1"	"GO:0007165"
"LIG_CaMK_CASK_1"	"GO:0045202"
"LIG_CaM_IQ_9"	"GO:0005488"
"LIG_CaM_IQ_9"	"GO:0008151"
"LIG_CaM_IQ_9"	"GO:0008580"
"LIG_CaM_IQ_9"	"GO:0005829"
"LIG_CaM_IQ_9"	"GO:0005622"
"LIG_CaM_IQ_9"	"GO:0003774"
"LIG_CaM_IQ_9"	"GO:0003776"
"LIG_CaM_IQ_9"	"GO:0005515"
"LIG_CaM_IQ_9"	"GO:0007165"
"LIG_CaM_NSCaTE_8"	"GO:0005954"
"LIG_CaM_NSCaTE_8"	"GO:0019722"
"LIG_CaM_NSCaTE_8"	"GO:0005516"
"LIG_CaM_NSCaTE_8"	"GO:0006874"
"LIG_CaM_NSCaTE_8"	"GO:0005829"
"LIG_CaM_NSCaTE_8"	"GO:0005886"
"LIG_CaM_NSCaTE_8"	"GO:0005245"
"LIG_CaM_NSCaTE_8"	"GO:0005891"
"LIG_Clathr_ClatBox_1"	"GO:0030276"
"LIG_Clathr_ClatBox_1"	"GO:0045334"
"LIG_Clathr_ClatBox_1"	"GO:0005856"
"LIG_Clathr_ClatBox_1"	"GO:0005829"
"LIG_Clathr_ClatBox_1"	"GO:0006897"
"LIG_Clathr_ClatBox_1"	"GO:0005794"
"LIG_Clathr_ClatBox_1"	"GO:0005802"
"LIG_Clathr_ClatBox_1"	"GO:0006898"
"LIG_Clathr_ClatBox_2"	"GO:0030276"
"LIG_Clathr_ClatBox_2"	"GO:0045334"
"LIG_Clathr_ClatBox_2"	"GO:0005856"
"LIG_Clathr_ClatBox_2"	"GO:0005829"
"LIG_Clathr_ClatBox_2"	"GO:0006897"
"LIG_Clathr_ClatBox_2"	"GO:0006898"
"LIG_CtBP_PxDLS_1"	"GO:0005829"
"LIG_CtBP_PxDLS_1"	"GO:0016481"
"LIG_CtBP_PxDLS_1"	"GO:0005634"
"LIG_CtBP_PxDLS_1"	"GO:0007584"
"LIG_CtBP_PxDLS_1"	"GO:0017053"
"LIG_CtBP_PxDLS_1"	"GO:0003714"
"LIG_CtBP_PxDLS_1"	"GO:0008134"
"LIG_CtBP_PxDLS_1"	"GO:0030528"
"LIG_CtBP_RRT_2"	"GO:0001227"
"LIG_CtBP_RRT_2"	"GO:0045892"
"LIG_CtBP_RRT_2"	"GO:0005634"
"LIG_CtBP_RRT_2"	"GO:0006357"
"LIG_CtBP_RRT_2"	"GO:0017053"
"LIG_CtBP_RRT_2"	"GO:0001222"
"LIG_DCNL_PONY_1"	"GO:0097602"
"LIG_DCNL_PONY_1"	"GO:0005634"
"LIG_DCNL_PONY_1"	"GO:0042277"
"LIG_DCNL_PONY_1"	"GO:2000436"
"LIG_DCNL_PONY_1"	"GO:0000151"
"LIG_DLG_GKlike_1"	"GO:0097113"
"LIG_DLG_GKlike_1"	"GO:0005829"
"LIG_DLG_GKlike_1"	"GO:0014069"
"LIG_DLG_GKlike_1"	"GO:0005515"
"LIG_DLG_GKlike_1"	"GO:0044877"
"LIG_DLG_GKlike_1"	"GO:0007165"
"LIG_DLG_GKlike_1"	"GO:0045202"
"LIG_DLG_GKlike_1"	"GO:0007268"
"LIG_Dynein_DLC8_1"	"GO:0005868"
"LIG_Dynein_DLC8_1"	"GO:0005829"
"LIG_Dynein_DLC8_1"	"GO:0030286"
"LIG_Dynein_DLC8_1"	"GO:0045503"
"LIG_Dynein_DLC8_1"	"GO:0007018"
"LIG_Dynein_DLC8_1"	"GO:0005515"
"LIG_EABR_CEP55_1"	"GO:0007049"
"LIG_EABR_CEP55_1"	"GO:0051301"
"LIG_EABR_CEP55_1"	"GO:0000910"
"LIG_EABR_CEP55_1"	"GO:0005856"
"LIG_EABR_CEP55_1"	"GO:0005829"
"LIG_EABR_CEP55_1"	"GO:0045171"
"LIG_EABR_CEP55_1"	"GO:0030496"
"LIG_EABR_CEP55_1"	"GO:0005515"
"LIG_EF_ALG2_ABM_1"	"GO:0048306"
"LIG_EF_ALG2_ABM_1"	"GO:0007049"
"LIG_EF_ALG2_ABM_1"	"GO:0098554"
"LIG_EF_ALG2_ABM_1"	"GO:0098562"
"LIG_EF_ALG2_ABM_1"	"GO:0005829"
"LIG_EF_ALG2_ABM_1"	"GO:0000813"
"LIG_EF_ALG2_ABM_1"	"GO:0010009"
"LIG_EF_ALG2_ABM_1"	"GO:0006886"
"LIG_EF_ALG2_ABM_1"	"GO:0005634"
"LIG_EF_ALG2_ABM_1"	"GO:0012501"
"LIG_EF_ALG2_ABM_1"	"GO:0005515"
"LIG_EF_ALG2_ABM_1"	"GO:0051592"
"LIG_EF_ALG2_ABM_1"	"GO:0007165"
"LIG_EF_ALG2_ABM_2"	"GO:0048306"
"LIG_EF_ALG2_ABM_2"	"GO:0007049"
"LIG_EF_ALG2_ABM_2"	"GO:0098554"
"LIG_EF_ALG2_ABM_2"	"GO:0098562"
"LIG_EF_ALG2_ABM_2"	"GO:0005829"
"LIG_EF_ALG2_ABM_2"	"GO:0006886"
"LIG_EF_ALG2_ABM_2"	"GO:0005634"
"LIG_EF_ALG2_ABM_2"	"GO:0012501"
"LIG_EF_ALG2_ABM_2"	"GO:0005515"
"LIG_EF_ALG2_ABM_2"	"GO:0051592"
"LIG_EF_ALG2_ABM_2"	"GO:0007165"
"LIG_EH1_1"	"GO:0016481"
"LIG_EH1_1"	"GO:0005634"
"LIG_EH1_1"	"GO:0003714"
"LIG_EH_1"	"GO:0005488"
"LIG_EH_1"	"GO:0008151"
"LIG_EH_1"	"GO:0005829"
"LIG_EH_1"	"GO:0006897"
"LIG_EH_1"	"GO:0007242"
"LIG_EH_1"	"GO:0005886"
"LIG_EH_1"	"GO:0005515"
"LIG_EH_1"	"GO:0019904"
"LIG_EH_1"	"GO:0006898"
"LIG_EH_1"	"GO:0030100"
"LIG_EH_1"	"GO:0007165"
"LIG_EVH1_1"	"GO:0030041"
"LIG_EVH1_1"	"GO:0005488"
"LIG_EVH1_1"	"GO:0008150"
"LIG_EVH1_1"	"GO:0008580"
"LIG_EVH1_1"	"GO:0005829"
"LIG_EVH1_1"	"GO:0009898"
"LIG_EVH1_1"	"GO:0045758"
"LIG_EVH1_1"	"GO:0005515"
"LIG_EVH1_1"	"GO:0019904"
"LIG_EVH1_1"	"GO:0007165"
"LIG_EVH1_2"	"GO:0005488"
"LIG_EVH1_2"	"GO:0005829"
"LIG_EVH1_2"	"GO:0008066"
"LIG_EVH1_2"	"GO:0009898"
"LIG_EVH1_2"	"GO:0007216"
"LIG_EVH1_2"	"GO:0005515"
"LIG_EVH1_2"	"GO:0019904"
"LIG_EVH1_2"	"GO:0005057"
"LIG_EVH1_2"	"GO:0004871"
"LIG_EVH1_2"	"GO:0007165"
"LIG_EVH1_3"	"GO:0030036"
"LIG_EVH1_3"	"GO:0008580"
"LIG_EVH1_3"	"GO:0005856"
"LIG_EVH1_3"	"GO:0005829"
"LIG_EVH1_3"	"GO:0019904"
"LIG_EVH1_3"	"GO:0007165"
"LIG_FAT_LD_1"	"GO:0005488"
"LIG_FAT_LD_1"	"GO:0007154"
"LIG_FAT_LD_1"	"GO:0008150"
"LIG_FAT_LD_1"	"GO:0005829"
"LIG_FAT_LD_1"	"GO:0005925"
"LIG_FAT_LD_1"	"GO:0005622"
"LIG_FAT_LD_1"	"GO:0005886"
"LIG_FAT_LD_1"	"GO:0005515"
"LIG_FAT_LD_1"	"GO:0007165"
"LIG_FERM_MyoX_1"	"GO:0044295"
"LIG_FERM_MyoX_1"	"GO:0098609"
"LIG_FERM_MyoX_1"	"GO:0005829"
"LIG_FERM_MyoX_1"	"GO:0046847"
"LIG_FERM_MyoX_1"	"GO:0009898"
"LIG_FERM_MyoX_1"	"GO:0005042"
"LIG_FERM_MyoX_1"	"GO:0001764"
"LIG_FERM_MyoX_1"	"GO:0004888"
"LIG_FHA_1"	"GO:0000075"
"LIG_FHA_1"	"GO:0006281"
"LIG_FHA_1"	"GO:0000086"
"LIG_FHA_1"	"GO:0005634"
"LIG_FHA_1"	"GO:0005515"
"LIG_FHA_1"	"GO:0019904"
"LIG_FHA_1"	"GO:0006974"
"LIG_FHA_2"	"GO:0000075"
"LIG_FHA_2"	"GO:0006281"
"LIG_FHA_2"	"GO:0000076"
"LIG_FHA_2"	"GO:0005634"
"LIG_FHA_2"	"GO:0005515"
"LIG_FHA_2"	"GO:0019904"
"LIG_FHA_2"	"GO:0005657"
"LIG_FXI_DFP_1"	"GO:0005576"
"LIG_FXI_DFP_1"	"GO:0031639"
"LIG_FXI_DFP_1"	"GO:0051919"
"LIG_FXI_DFP_1"	"GO:0005515"
"LIG_FXI_DFP_1"	"GO:0007596"
"LIG_FXI_DFP_1"	"GO:0007597"
"LIG_FXI_DFP_1"	"GO:0048037"
"LIG_FZD_DVL_PDZ"	"GO:0032147"
"LIG_FZD_DVL_PDZ"	"GO:0030877"
"LIG_FZD_DVL_PDZ"	"GO:0060823"
"LIG_FZD_DVL_PDZ"	"GO:0005829"
"LIG_FZD_DVL_PDZ"	"GO:2000060"
"LIG_FZD_DVL_PDZ"	"GO:0032947"
"LIG_FZD_DVL_PDZ"	"GO:0019901"
"LIG_FZD_DVL_PDZ"	"GO:0035412"
"LIG_FZD_DVL_PDZ"	"GO:0004871"
"LIG_G3BP_FGDF_1"	"GO:0010494"
"LIG_G3BP_FGDF_1"	"GO:0005829"
"LIG_G3BP_FGDF_1"	"GO:0016579"
"LIG_G3BP_FGDF_1"	"GO:0019904"
"LIG_G3BP_FGDF_1"	"GO:1903608"
"LIG_G3BP_FGDF_1"	"GO:0006417"
"LIG_G3BP_FGDF_1"	"GO:0034063"
"LIG_G3BP_FGDF_1"	"GO:0019079"
"LIG_G3BP_FGDF_1"	"GO:0019034"
"LIG_GBD_Chelix_1"	"GO:0015629"
"LIG_GBD_Chelix_1"	"GO:0030048"
"LIG_GBD_Chelix_1"	"GO:0030041"
"LIG_GBD_Chelix_1"	"GO:0005911"
"LIG_GBD_Chelix_1"	"GO:0005829"
"LIG_GBD_Chelix_1"	"GO:0070062"
"LIG_GBD_Chelix_1"	"GO:2000146"
"LIG_GBD_Chelix_1"	"GO:2000601"
"LIG_GBD_Chelix_1"	"GO:0006461"
"LIG_GBD_Chelix_1"	"GO:0012506"
"LIG_GLEBS_BUB3_1"	"GO:0007049"
"LIG_GLEBS_BUB3_1"	"GO:0051382"
"LIG_GLEBS_BUB3_1"	"GO:0007067"
"LIG_GLEBS_BUB3_1"	"GO:0033597"
"LIG_GLEBS_BUB3_1"	"GO:0007094"
"LIG_GLEBS_BUB3_1"	"GO:0005643"
"LIG_GLEBS_BUB3_1"	"GO:0005634"
"LIG_GLEBS_BUB3_1"	"GO:0005515"
"LIG_GLEBS_BUB3_1"	"GO:0031577"
"LIG_GSK3_LRP6_1"	"GO:0030877"
"LIG_GSK3_LRP6_1"	"GO:0060070"
"LIG_GSK3_LRP6_1"	"GO:0044335"
"LIG_GSK3_LRP6_1"	"GO:0044340"
"LIG_GSK3_LRP6_1"	"GO:0071936"
"LIG_GSK3_LRP6_1"	"GO:0005829"
"LIG_GSK3_LRP6_1"	"GO:0009898"
"LIG_GSK3_LRP6_1"	"GO:0019210"
"LIG_GSK3_LRP6_1"	"GO:0005041"
"LIG_GSK3_LRP6_1"	"GO:0006469"
"LIG_GSK3_LRP6_1"	"GO:0001933"
"LIG_GSK3_LRP6_1"	"GO:0038013"
"LIG_GSK3_LRP6_1"	"GO:0042813"
"LIG_GYF"	"GO:0005829"
"LIG_GYF"	"GO:0004872"
"LIG_GYF"	"GO:0007165"
"LIG_HCF-1_HBM_1"	"GO:0005634"
"LIG_HCF-1_HBM_1"	"GO:0008284"
"LIG_HCF-1_HBM_1"	"GO:0005515"
"LIG_HCF-1_HBM_1"	"GO:0051726"
"LIG_HCF-1_HBM_1"	"GO:0045449"
"LIG_HCF-1_HBM_1"	"GO:0003700"
"LIG_HCF-1_HBM_1"	"GO:0005667"
"LIG_HCF-1_HBM_1"	"GO:0019033"
"LIG_HCF-1_HBM_1"	"GO:0019048"
"LIG_HOMEOBOX"	"GO:0009790"
"LIG_HOMEOBOX"	"GO:0005634"
"LIG_HOMEOBOX"	"GO:0007389"
"LIG_HOMEOBOX"	"GO:0030528"
"LIG_HP1_1"	"GO:0006260"
"LIG_HP1_1"	"GO:0006343"
"LIG_HP1_1"	"GO:0000792"
"LIG_HP1_1"	"GO:0005634"
"LIG_HP1_1"	"GO:0045182"
"LIG_IBAR_NPY_1"	"GO:0098562"
"LIG_IBAR_NPY_1"	"GO:0005829"
"LIG_IBAR_NPY_1"	"GO:0009405"
"LIG_IBAR_NPY_1"	"GO:0005515"
"LIG_IRF7_LxLS_2"	"GO:0002218"
"LIG_IRF7_LxLS_2"	"GO:0032473"
"LIG_IRF7_LxLS_2"	"GO:0005829"
"LIG_IRF7_LxLS_2"	"GO:0051607"
"LIG_IRF7_LxLS_2"	"GO:0010009"
"LIG_IRF7_LxLS_2"	"GO:0005634"
"LIG_IRF7_LxLS_2"	"GO:0032728"
"LIG_IRF7_LxLS_2"	"GO:0033160"
"LIG_IRF7_LxLS_2"	"GO:0001934"
"LIG_IRF7_LxLS_2"	"GO:0032481"
"LIG_IRF7_LxLS_2"	"GO:0005515"
"LIG_IRF7_LxLS_2"	"GO:0042803"
"LIG_IRF7_LxLS_2"	"GO:0019901"
"LIG_IRF7_LxLS_2"	"GO:0032479"
"LIG_IRF7_LxLS_2"	"GO:0039529"
"LIG_IRF7_LxLS_2"	"GO:0004871"
"LIG_IRF7_LxLS_2"	"GO:0007165"
"LIG_IRF7_LxLS_2"	"GO:0008134"
"LIG_IRF7_LxLS_2"	"GO:0035666"
"LIG_IRF7_LxLS_2"	"GO:0060337"
"LIG_IRFs_LxIS_1"	"GO:0002218"
"LIG_IRFs_LxIS_1"	"GO:0071360"
"LIG_IRFs_LxIS_1"	"GO:0061507"
"LIG_IRFs_LxIS_1"	"GO:0098554"
"LIG_IRFs_LxIS_1"	"GO:0032473"
"LIG_IRFs_LxIS_1"	"GO:0005829"
"LIG_IRFs_LxIS_1"	"GO:0042742"
"LIG_IRFs_LxIS_1"	"GO:0051607"
"LIG_IRFs_LxIS_1"	"GO:0010009"
"LIG_IRFs_LxIS_1"	"GO:0005634"
"LIG_IRFs_LxIS_1"	"GO:0032728"
"LIG_IRFs_LxIS_1"	"GO:0033160"
"LIG_IRFs_LxIS_1"	"GO:0001934"
"LIG_IRFs_LxIS_1"	"GO:0032481"
"LIG_IRFs_LxIS_1"	"GO:0005515"
"LIG_IRFs_LxIS_1"	"GO:0042803"
"LIG_IRFs_LxIS_1"	"GO:0019901"
"LIG_IRFs_LxIS_1"	"GO:0032479"
"LIG_IRFs_LxIS_1"	"GO:0032496"
"LIG_IRFs_LxIS_1"	"GO:0039529"
"LIG_IRFs_LxIS_1"	"GO:0004871"
"LIG_IRFs_LxIS_1"	"GO:0007165"
"LIG_IRFs_LxIS_1"	"GO:0008134"
"LIG_IRFs_LxIS_1"	"GO:0035666"
"LIG_IRFs_LxIS_1"	"GO:0060337"
"LIG_Integrin_KxxGD_FGGC_5"	"GO:0007596"
"LIG_Integrin_KxxGD_FGGC_5"	"GO:0033627"
"LIG_Integrin_KxxGD_FGGC_5"	"GO:0030054"
"LIG_Integrin_KxxGD_FGGC_5"	"GO:0009986"
"LIG_Integrin_KxxGD_FGGC_5"	"GO:0005125"
"LIG_Integrin_KxxGD_FGGC_5"	"GO:0009897"
"LIG_Integrin_KxxGD_FGGC_5"	"GO:0005576"
"LIG_Integrin_KxxGD_FGGC_5"	"GO:0031012"
"LIG_Integrin_KxxGD_FGGC_5"	"GO:0050840"
"LIG_Integrin_KxxGD_FGGC_5"	"GO:0005615"
"LIG_Integrin_KxxGD_FGGC_5"	"GO:0005925"
"LIG_Integrin_KxxGD_FGGC_5"	"GO:0033622"
"LIG_Integrin_KxxGD_FGGC_5"	"GO:0070442"
"LIG_Integrin_KxxGD_FGGC_5"	"GO:0005178"
"LIG_Integrin_KxxGD_FGGC_5"	"GO:0007229"
"LIG_Integrin_KxxGD_FGGC_5"	"GO:0046872"
"LIG_Integrin_KxxGD_FGGC_5"	"GO:0033628"
"LIG_Integrin_KxxGD_FGGC_5"	"GO:0033623"
"LIG_Integrin_KxxGD_FGGC_5"	"GO:0044423"
"LIG_Integrin_RGDSP_6"	"GO:0033627"
"LIG_Integrin_RGDSP_6"	"GO:0009986"
"LIG_Integrin_RGDSP_6"	"GO:0009897"
"LIG_Integrin_RGDSP_6"	"GO:0005576"
"LIG_Integrin_RGDSP_6"	"GO:0031012"
"LIG_Integrin_RGDSP_6"	"GO:0050840"
"LIG_Integrin_RGDSP_6"	"GO:0005615"
"LIG_Integrin_RGDSP_6"	"GO:0001968"
"LIG_Integrin_RGDSP_6"	"GO:0033622"
"LIG_Integrin_RGDSP_6"	"GO:0034674"
"LIG_Integrin_RGDSP_6"	"GO:0034678"
"LIG_Integrin_RGDSP_6"	"GO:0070442"
"LIG_Integrin_RGDSP_6"	"GO:0034683"
"LIG_Integrin_RGDSP_6"	"GO:0034684"
"LIG_Integrin_RGDSP_6"	"GO:0034685"
"LIG_Integrin_RGDSP_6"	"GO:0034686"
"LIG_Integrin_RGDSP_6"	"GO:0005178"
"LIG_Integrin_RGDSP_6"	"GO:0007229"
"LIG_Integrin_RGDSP_6"	"GO:0046872"
"LIG_Integrin_RGDSP_6"	"GO:0033628"
"LIG_Integrin_RGDSP_6"	"GO:0008360"
"LIG_Integrin_RGDSP_6"	"GO:0033623"
"LIG_Integrin_RGDSP_6"	"GO:0046718"
"LIG_Integrin_RGDSP_6"	"GO:0044423"
"LIG_Integrin_RGDSP_6"	"GO:0001618"
"LIG_Integrin_RGDW_4"	"GO:0033627"
"LIG_Integrin_RGDW_4"	"GO:0030054"
"LIG_Integrin_RGDW_4"	"GO:0009986"
"LIG_Integrin_RGDW_4"	"GO:0005125"
"LIG_Integrin_RGDW_4"	"GO:0035635"
"LIG_Integrin_RGDW_4"	"GO:0009897"
"LIG_Integrin_RGDW_4"	"GO:0005576"
"LIG_Integrin_RGDW_4"	"GO:0031012"
"LIG_Integrin_RGDW_4"	"GO:0050840"
"LIG_Integrin_RGDW_4"	"GO:0005615"
"LIG_Integrin_RGDW_4"	"GO:0005925"
"LIG_Integrin_RGDW_4"	"GO:0033622"
"LIG_Integrin_RGDW_4"	"GO:0070442"
"LIG_Integrin_RGDW_4"	"GO:0034683"
"LIG_Integrin_RGDW_4"	"GO:0005178"
"LIG_Integrin_RGDW_4"	"GO:0007229"
"LIG_Integrin_RGDW_4"	"GO:0046872"
"LIG_Integrin_RGDW_4"	"GO:0033628"
"LIG_Integrin_RGDW_4"	"GO:0033623"
"LIG_Integrin_RGDW_4"	"GO:0046718"
"LIG_Integrin_RGDW_4"	"GO:0044423"
"LIG_Integrin_RGD_1"	"GO:0007155"
"LIG_Integrin_RGD_1"	"GO:0005194"
"LIG_Integrin_RGD_1"	"GO:0005576"
"LIG_Integrin_RGD_1"	"GO:0008305"
"LIG_Integrin_RGD_1"	"GO:0005178"
"LIG_Integrin_RGD_TGFB_3"	"GO:0071099"
"LIG_Integrin_RGD_TGFB_3"	"GO:0071100"
"LIG_Integrin_RGD_TGFB_3"	"GO:0033627"
"LIG_Integrin_RGD_TGFB_3"	"GO:0030054"
"LIG_Integrin_RGD_TGFB_3"	"GO:0009986"
"LIG_Integrin_RGD_TGFB_3"	"GO:0005125"
"LIG_Integrin_RGD_TGFB_3"	"GO:0035635"
"LIG_Integrin_RGD_TGFB_3"	"GO:0009897"
"LIG_Integrin_RGD_TGFB_3"	"GO:0005576"
"LIG_Integrin_RGD_TGFB_3"	"GO:0031012"
"LIG_Integrin_RGD_TGFB_3"	"GO:0050840"
"LIG_Integrin_RGD_TGFB_3"	"GO:0005615"
"LIG_Integrin_RGD_TGFB_3"	"GO:0005925"
"LIG_Integrin_RGD_TGFB_3"	"GO:0033622"
"LIG_Integrin_RGD_TGFB_3"	"GO:0005178"
"LIG_Integrin_RGD_TGFB_3"	"GO:0007229"
"LIG_Integrin_RGD_TGFB_3"	"GO:0046872"
"LIG_Integrin_RGD_TGFB_3"	"GO:0033628"
"LIG_Integrin_RGD_TGFB_3"	"GO:0033623"
"LIG_Integrin_RGD_TGFB_3"	"GO:0046718"
"LIG_Integrin_RGD_TGFB_3"	"GO:0044423"
"LIG_Integrin_RGD_TGFB_3"	"GO:0001618"
"LIG_Integrin_collagen_1"	"GO:0007155"
"LIG_Integrin_collagen_1"	"GO:0033627"
"LIG_Integrin_collagen_1"	"GO:0005194"
"LIG_Integrin_collagen_1"	"GO:0009986"
"LIG_Integrin_collagen_1"	"GO:0038065"
"LIG_Integrin_collagen_1"	"GO:0009897"
"LIG_Integrin_collagen_1"	"GO:0005576"
"LIG_Integrin_collagen_1"	"GO:0031012"
"LIG_Integrin_collagen_1"	"GO:0030198"
"LIG_Integrin_collagen_1"	"GO:0005615"
"LIG_Integrin_collagen_1"	"GO:0008305"
"LIG_Integrin_collagen_1"	"GO:0033622"
"LIG_Integrin_collagen_1"	"GO:0034680"
"LIG_Integrin_collagen_1"	"GO:0034681"
"LIG_Integrin_collagen_1"	"GO:0034665"
"LIG_Integrin_collagen_1"	"GO:0034666"
"LIG_Integrin_collagen_1"	"GO:0005178"
"LIG_Integrin_collagen_1"	"GO:0007229"
"LIG_Integrin_collagen_1"	"GO:0033628"
"LIG_Integrin_collagen_1"	"GO:0033623"
"LIG_Integrin_isoDGR_2"	"GO:0007155"
"LIG_Integrin_isoDGR_2"	"GO:0005576"
"LIG_Integrin_isoDGR_2"	"GO:0050840"
"LIG_Integrin_isoDGR_2"	"GO:0005178"
"LIG_Integrin_isoDGR_2"	"GO:0005515"
"LIG_Integrin_isoDGR_2"	"GO:0048019"
"LIG_Integrin_isoDGR_2"	"GO:0005102"
"LIG_KEPE_1"	"GO:0005634"
"LIG_KEPE_1"	"GO:0033233"
"LIG_KEPE_2"	"GO:0005634"
"LIG_KEPE_2"	"GO:0033233"
"LIG_KEPE_3"	"GO:0005634"
"LIG_KEPE_3"	"GO:0033233"
"LIG_KLC1_WD_1"	"GO:0005856"
"LIG_KLC1_WD_1"	"GO:0005829"
"LIG_KLC1_WD_1"	"GO:0075519"
"LIG_KLC1_WD_1"	"GO:0072383"
"LIG_KLC1_WD_1"	"GO:0098840"
"LIG_KLC1_WD_1"	"GO:0099517"
"LIG_KLC1_WD_1"	"GO:0030911"
"LIG_KLC1_Yacidic_2"	"GO:0072321"
"LIG_KLC1_Yacidic_2"	"GO:0005829"
"LIG_KLC1_Yacidic_2"	"GO:0019894"
"LIG_KLC1_Yacidic_2"	"GO:0005515"
"LIG_KLC1_Yacidic_2"	"GO:0016192"
"LIG_LEDGF_IBM_1"	"GO:0006915"
"LIG_LEDGF_IBM_1"	"GO:0000785"
"LIG_LEDGF_IBM_1"	"GO:0003682"
"LIG_LEDGF_IBM_1"	"GO:0006325"
"LIG_LEDGF_IBM_1"	"GO:0071339"
"LIG_LEDGF_IBM_1"	"GO:0005634"
"LIG_LEDGF_IBM_1"	"GO:0045893"
"LIG_LEDGF_IBM_1"	"GO:0005515"
"LIG_LEDGF_IBM_1"	"GO:0003713"
"LIG_LEDGF_IBM_1"	"GO:0044826"
"LIG_LIR_Apic_2"	"GO:0000045"
"LIG_LIR_Apic_2"	"GO:0006914"
"LIG_LIR_Apic_2"	"GO:0098560"
"LIG_LIR_Apic_2"	"GO:0005829"
"LIG_LIR_Apic_2"	"GO:0005515"
"LIG_LIR_Gen_1"	"GO:0000045"
"LIG_LIR_Gen_1"	"GO:0006914"
"LIG_LIR_Gen_1"	"GO:0098560"
"LIG_LIR_Gen_1"	"GO:0005829"
"LIG_LIR_Gen_1"	"GO:0005515"
"LIG_LIR_LC3C_4"	"GO:0000045"
"LIG_LIR_LC3C_4"	"GO:0006914"
"LIG_LIR_LC3C_4"	"GO:0098560"
"LIG_LIR_LC3C_4"	"GO:0005829"
"LIG_LIR_LC3C_4"	"GO:0005515"
"LIG_LIR_Nem_3"	"GO:0000045"
"LIG_LIR_Nem_3"	"GO:0006914"
"LIG_LIR_Nem_3"	"GO:0098560"
"LIG_LIR_Nem_3"	"GO:0005829"
"LIG_LIR_Nem_3"	"GO:0005515"
"LIG_LRP6_Inhibitor_1"	"GO:0005576"
"LIG_LRP6_Inhibitor_1"	"GO:1900116"
"LIG_LRP6_Inhibitor_1"	"GO:0060323"
"LIG_LRP6_Inhibitor_1"	"GO:0050750"
"LIG_LRP6_Inhibitor_1"	"GO:0030514"
"LIG_LRP6_Inhibitor_1"	"GO:0090090"
"LIG_LRP6_Inhibitor_1"	"GO:0030279"
"LIG_LRP6_Inhibitor_1"	"GO:0048642"
"LIG_LRP6_Inhibitor_1"	"GO:0005515"
"LIG_LRP6_Inhibitor_1"	"GO:0048019"
"LIG_LRP6_Inhibitor_1"	"GO:0004871"
"LIG_LSD1_SNAG_1"	"GO:0031018"
"LIG_LSD1_SNAG_1"	"GO:0001837"
"LIG_LSD1_SNAG_1"	"GO:0042472"
"LIG_LSD1_SNAG_1"	"GO:0045814"
"LIG_LSD1_SNAG_1"	"GO:0051572"
"LIG_LSD1_SNAG_1"	"GO:0051573"
"LIG_LSD1_SNAG_1"	"GO:0005634"
"LIG_LSD1_SNAG_1"	"GO:0005515"
"LIG_LSD1_SNAG_1"	"GO:0045646"
"LIG_LSD1_SNAG_1"	"GO:0006357"
"LIG_LSD1_SNAG_1"	"GO:0017053"
"LIG_LSD1_SNAG_1"	"GO:0060290"
"LIG_LYPXL_L_2"	"GO:0005829"
"LIG_LYPXL_L_2"	"GO:0000813"
"LIG_LYPXL_L_2"	"GO:0000815"
"LIG_LYPXL_L_2"	"GO:0030430"
"LIG_LYPXL_L_2"	"GO:0042025"
"LIG_LYPXL_L_2"	"GO:0020002"
"LIG_LYPXL_L_2"	"GO:0044419"
"LIG_LYPXL_L_2"	"GO:0019054"
"LIG_LYPXL_L_2"	"GO:0046755"
"LIG_LYPXL_L_2"	"GO:0005515"
"LIG_LYPXL_L_2"	"GO:0019037"
"LIG_LYPXL_L_2"	"GO:0039702"
"LIG_LYPXL_L_2"	"GO:0019058"
"LIG_LYPXL_L_2"	"GO:0016032"
"LIG_LYPXL_L_2"	"GO:0044423"
"LIG_LYPXL_SIV_4"	"GO:0030430"
"LIG_LYPXL_SIV_4"	"GO:0042025"
"LIG_LYPXL_SIV_4"	"GO:0020002"
"LIG_LYPXL_SIV_4"	"GO:0046755"
"LIG_LYPXL_SIV_4"	"GO:0005515"
"LIG_LYPXL_SIV_4"	"GO:0039702"
"LIG_LYPXL_SIV_4"	"GO:0019058"
"LIG_LYPXL_SIV_4"	"GO:0044423"
"LIG_LYPXL_S_1"	"GO:0005829"
"LIG_LYPXL_S_1"	"GO:0000813"
"LIG_LYPXL_S_1"	"GO:0000815"
"LIG_LYPXL_S_1"	"GO:0097734"
"LIG_LYPXL_S_1"	"GO:0044419"
"LIG_LYPXL_S_1"	"GO:0019054"
"LIG_LYPXL_S_1"	"GO:0046755"
"LIG_LYPXL_S_1"	"GO:0005515"
"LIG_LYPXL_S_1"	"GO:1990562"
"LIG_LYPXL_S_1"	"GO:0019037"
"LIG_LYPXL_S_1"	"GO:0039702"
"LIG_LYPXL_S_1"	"GO:0016032"
"LIG_LYPXL_yS_3"	"GO:0005829"
"LIG_LYPXL_yS_3"	"GO:0005768"
"LIG_LYPXL_yS_3"	"GO:0005515"
"LIG_LYPXL_yS_3"	"GO:0036010"
"LIG_LYPXL_yS_3"	"GO:0016485"
"LIG_LYPXL_yS_3"	"GO:0009268"
"LIG_LYPXL_yS_3"	"GO:0010992"
"LIG_LYPXL_yS_3"	"GO:0007034"
"LIG_MAD2"	"GO:0005680"
"LIG_MAD2"	"GO:0007094"
"LIG_MAD2"	"GO:0005634"
"LIG_MAD2"	"GO:0005515"
"LIG_MLH1_MIPbox_1"	"GO:0006281"
"LIG_MLH1_MIPbox_1"	"GO:0006298"
"LIG_MLH1_MIPbox_1"	"GO:0032389"
"LIG_MLH1_MIPbox_1"	"GO:0005634"
"LIG_MLH1_MIPbox_1"	"GO:0005515"
"LIG_MSH2_SHIPbox_1"	"GO:0006281"
"LIG_MSH2_SHIPbox_1"	"GO:0006298"
"LIG_MSH2_SHIPbox_1"	"GO:0032301"
"LIG_MSH2_SHIPbox_1"	"GO:0005634"
"LIG_MSH2_SHIPbox_1"	"GO:0005515"
"LIG_MSH2_SHIPbox_1"	"GO:0032991"
"LIG_MSH2_SHIPbox_1"	"GO:0019904"
"LIG_MTR4_AIM_1"	"GO:0006397"
"LIG_MTR4_AIM_1"	"GO:0071027"
"LIG_MTR4_AIM_1"	"GO:0005634"
"LIG_MTR4_AIM_1"	"GO:0005515"
"LIG_MTR4_AIM_1"	"GO:0032991"
"LIG_MTR4_AIM_1"	"GO:0019904"
"LIG_MTR4_AIM_1"	"GO:0061013"
"LIG_MTR4_AIM_1"	"GO:0006401"
"LIG_MTR4_AIM_1"	"GO:0006364"
"LIG_MTR4_AIM_1"	"GO:0016076"
"LIG_MTR4_AIM_1"	"GO:0031499"
"LIG_MYND_1"	"GO:0005634"
"LIG_MYND_1"	"GO:0006350"
"LIG_MYND_1"	"GO:0003713"
"LIG_MYND_1"	"GO:0008134"
"LIG_MYND_1"	"GO:0008270"
"LIG_MYND_2"	"GO:0042826"
"LIG_MYND_2"	"GO:0000122"
"LIG_MYND_2"	"GO:0005634"
"LIG_MYND_2"	"GO:0017053"
"LIG_MYND_2"	"GO:0003714"
"LIG_MYND_2"	"GO:0008270"
"LIG_MYND_3"	"GO:0070389"
"LIG_MYND_3"	"GO:0005829"
"LIG_MYND_3"	"GO:0005634"
"LIG_MYND_3"	"GO:0019511"
"LIG_MYND_3"	"GO:0005515"
"LIG_MYND_3"	"GO:0006457"
"LIG_Menin_MBM1_1"	"GO:0006325"
"LIG_Menin_MBM1_1"	"GO:0051568"
"LIG_Menin_MBM1_1"	"GO:0044665"
"LIG_Menin_MBM1_1"	"GO:0000122"
"LIG_Menin_MBM1_1"	"GO:0005634"
"LIG_Menin_MBM1_1"	"GO:0045893"
"LIG_Menin_MBM1_1"	"GO:0005515"
"LIG_Menin_MBM1_1"	"GO:0065003"
"LIG_Menin_MBM1_1"	"GO:0032993"
"LIG_Menin_MBM1_1"	"GO:0042127"
"LIG_Menin_MBM1_1"	"GO:0071863"
"LIG_Menin_MBM1_1"	"GO:0017053"
"LIG_Menin_MBM1_1"	"GO:0035976"
"LIG_Menin_MBM1_1"	"GO:0005667"
"LIG_Menin_MBM1_1"	"GO:0045815"
"LIG_Mtr4_Air2_1"	"GO:0043629"
"LIG_Mtr4_Air2_1"	"GO:0071027"
"LIG_Mtr4_Air2_1"	"GO:0005730"
"LIG_Mtr4_Air2_1"	"GO:0005634"
"LIG_Mtr4_Air2_1"	"GO:0005515"
"LIG_Mtr4_Air2_1"	"GO:0030674"
"LIG_Mtr4_Air2_1"	"GO:0043631"
"LIG_Mtr4_Air2_1"	"GO:0006396"
"LIG_Mtr4_Air2_1"	"GO:0071025"
"LIG_Mtr4_Air2_1"	"GO:0031499"
"LIG_Mtr4_Trf4_1"	"GO:0071027"
"LIG_Mtr4_Trf4_1"	"GO:0005730"
"LIG_Mtr4_Trf4_1"	"GO:0005634"
"LIG_Mtr4_Trf4_1"	"GO:0005515"
"LIG_Mtr4_Trf4_1"	"GO:0030674"
"LIG_Mtr4_Trf4_1"	"GO:0043631"
"LIG_Mtr4_Trf4_1"	"GO:0071025"
"LIG_Mtr4_Trf4_1"	"GO:0031499"
"LIG_Mtr4_Trf4_2"	"GO:0071027"
"LIG_Mtr4_Trf4_2"	"GO:0005730"
"LIG_Mtr4_Trf4_2"	"GO:0005634"
"LIG_Mtr4_Trf4_2"	"GO:0005515"
"LIG_Mtr4_Trf4_2"	"GO:0030674"
"LIG_Mtr4_Trf4_2"	"GO:0043631"
"LIG_Mtr4_Trf4_2"	"GO:0006396"
"LIG_Mtr4_Trf4_2"	"GO:0071025"
"LIG_Mtr4_Trf4_2"	"GO:0031499"
"LIG_NBox_RRM_1"	"GO:0005634"
"LIG_NBox_RRM_1"	"GO:0006355"
"LIG_NBox_RRM_1"	"GO:0003723"
"LIG_NBox_RRM_1"	"GO:0003700"
"LIG_NRBOX"	"GO:0005634"
"LIG_NRBOX"	"GO:0045941"
"LIG_NRBOX"	"GO:0045449"
"LIG_NRBOX"	"GO:0003713"
"LIG_NRBOX"	"GO:0003712"
"LIG_NRBOX"	"GO:0008134"
"LIG_NRP_CendR_1"	"GO:0007411"
"LIG_NRP_CendR_1"	"GO:0016477"
"LIG_NRP_CendR_1"	"GO:0045499"
"LIG_NRP_CendR_1"	"GO:0009897"
"LIG_NRP_CendR_1"	"GO:0005576"
"LIG_NRP_CendR_1"	"GO:0005615"
"LIG_NRP_CendR_1"	"GO:0008083"
"LIG_NRP_CendR_1"	"GO:0008201"
"LIG_NRP_CendR_1"	"GO:0038191"
"LIG_NRP_CendR_1"	"GO:0045766"
"LIG_NRP_CendR_1"	"GO:0001938"
"LIG_NRP_CendR_1"	"GO:1901492"
"LIG_NRP_CendR_1"	"GO:0002092"
"LIG_NRP_CendR_1"	"GO:0043117"
"LIG_NRP_CendR_1"	"GO:0005515"
"LIG_NRP_CendR_1"	"GO:0006898"
"LIG_NRP_CendR_1"	"GO:0033623"
"LIG_NRP_CendR_1"	"GO:0005172"
"LIG_NRP_CendR_1"	"GO:0038084"
"LIG_NRP_CendR_1"	"GO:0038190"
"LIG_NRP_CendR_1"	"GO:0019062"
"LIG_Nrd1CID_NIM_1"	"GO:0071027"
"LIG_Nrd1CID_NIM_1"	"GO:0005730"
"LIG_Nrd1CID_NIM_1"	"GO:0005654"
"LIG_Nrd1CID_NIM_1"	"GO:0005634"
"LIG_Nrd1CID_NIM_1"	"GO:0004652"
"LIG_Nrd1CID_NIM_1"	"GO:0005515"
"LIG_Nrd1CID_NIM_1"	"GO:0043631"
"LIG_Nrd1CID_NIM_1"	"GO:0006396"
"LIG_Nrd1CID_NIM_1"	"GO:0031499"
"LIG_OCRL_FandH_1"	"GO:0005829"
"LIG_OCRL_FandH_1"	"GO:0005769"
"LIG_OCRL_FandH_1"	"GO:0007032"
"LIG_OCRL_FandH_1"	"GO:0010009"
"LIG_OCRL_FandH_1"	"GO:0005794"
"LIG_OCRL_FandH_1"	"GO:0005802"
"LIG_OCRL_FandH_1"	"GO:0035058"
"LIG_OCRL_FandH_1"	"GO:0006909"
"LIG_OCRL_FandH_1"	"GO:0005515"
"LIG_OCRL_FandH_1"	"GO:0001881"
"LIG_OCRL_FandH_1"	"GO:0055037"
"LIG_OCRL_FandH_1"	"GO:0090003"
"LIG_OCRL_FandH_1"	"GO:0042147"
"LIG_PALB2_WD40_1"	"GO:0033593"
"LIG_PALB2_WD40_1"	"GO:0003677"
"LIG_PALB2_WD40_1"	"GO:0000724"
"LIG_PALB2_WD40_1"	"GO:0005634"
"LIG_PALB2_WD40_1"	"GO:0005515"
"LIG_PALB2_WD40_1"	"GO:0006974"
"LIG_PAM2_1"	"GO:0005829"
"LIG_PAM2_1"	"GO:0017148"
"LIG_PAM2_1"	"GO:0000288"
"LIG_PAM2_1"	"GO:0045727"
"LIG_PAM2_1"	"GO:0019904"
"LIG_PAM2_1"	"GO:0016567"
"LIG_PAM2_2"	"GO:0005829"
"LIG_PAM2_2"	"GO:0017148"
"LIG_PAM2_2"	"GO:0000288"
"LIG_PAM2_2"	"GO:0019904"
"LIG_PAM2_2"	"GO:0030529"
"LIG_PCNA_APIM_2"	"GO:0103053"
"LIG_PCNA_APIM_2"	"GO:0005524"
"LIG_PCNA_APIM_2"	"GO:0006307"
"LIG_PCNA_APIM_2"	"GO:0080111"
"LIG_PCNA_APIM_2"	"GO:0003678"
"LIG_PCNA_APIM_2"	"GO:0006281"
"LIG_PCNA_APIM_2"	"GO:0043596"
"LIG_PCNA_APIM_2"	"GO:0005654"
"LIG_PCNA_APIM_2"	"GO:0005634"
"LIG_PCNA_PIPBox_1"	"GO:0003684"
"LIG_PCNA_PIPBox_1"	"GO:0003886"
"LIG_PCNA_PIPBox_1"	"GO:0003887"
"LIG_PCNA_PIPBox_1"	"GO:0006306"
"LIG_PCNA_PIPBox_1"	"GO:0006281"
"LIG_PCNA_PIPBox_1"	"GO:0006260"
"LIG_PCNA_PIPBox_1"	"GO:0043596"
"LIG_PCNA_PIPBox_1"	"GO:0005634"
"LIG_PCNA_TLS_4"	"GO:0034644"
"LIG_PCNA_TLS_4"	"GO:0003684"
"LIG_PCNA_TLS_4"	"GO:0003887"
"LIG_PCNA_TLS_4"	"GO:0006281"
"LIG_PCNA_TLS_4"	"GO:0006260"
"LIG_PCNA_TLS_4"	"GO:0042276"
"LIG_PCNA_TLS_4"	"GO:0046872"
"LIG_PCNA_TLS_4"	"GO:0016604"
"LIG_PCNA_TLS_4"	"GO:0005654"
"LIG_PCNA_TLS_4"	"GO:0005634"
"LIG_PCNA_TLS_4"	"GO:0006974"
"LIG_PCNA_TLS_4"	"GO:0019985"
"LIG_PCNA_yPIPBox_3"	"GO:1904162"
"LIG_PCNA_yPIPBox_3"	"GO:0017108"
"LIG_PCNA_yPIPBox_3"	"GO:0005524"
"LIG_PCNA_yPIPBox_3"	"GO:0006284"
"LIG_PCNA_yPIPBox_3"	"GO:0003684"
"LIG_PCNA_yPIPBox_3"	"GO:0043625"
"LIG_PCNA_yPIPBox_3"	"GO:0006277"
"LIG_PCNA_yPIPBox_3"	"GO:0003906"
"LIG_PCNA_yPIPBox_3"	"GO:0003677"
"LIG_PCNA_yPIPBox_3"	"GO:0003689"
"LIG_PCNA_yPIPBox_3"	"GO:0008094"
"LIG_PCNA_yPIPBox_3"	"GO:0003887"
"LIG_PCNA_yPIPBox_3"	"GO:0003678"
"LIG_PCNA_yPIPBox_3"	"GO:0032135"
"LIG_PCNA_yPIPBox_3"	"GO:0006310"
"LIG_PCNA_yPIPBox_3"	"GO:0006281"
"LIG_PCNA_yPIPBox_3"	"GO:0006260"
"LIG_PCNA_yPIPBox_3"	"GO:0006335"
"LIG_PCNA_yPIPBox_3"	"GO:0043137"
"LIG_PCNA_yPIPBox_3"	"GO:0006271"
"LIG_PCNA_yPIPBox_3"	"GO:1904161"
"LIG_PCNA_yPIPBox_3"	"GO:0004520"
"LIG_PCNA_yPIPBox_3"	"GO:0030983"
"LIG_PCNA_yPIPBox_3"	"GO:0006298"
"LIG_PCNA_yPIPBox_3"	"GO:0032300"
"LIG_PCNA_yPIPBox_3"	"GO:0043596"
"LIG_PCNA_yPIPBox_3"	"GO:0006295"
"LIG_PCNA_yPIPBox_3"	"GO:0005634"
"LIG_PCNA_yPIPBox_3"	"GO:0004844"
"LIG_PDZ_Class_1"	"GO:0005829"
"LIG_PDZ_Class_1"	"GO:0009898"
"LIG_PDZ_Class_1"	"GO:0030165"
"LIG_PDZ_Class_1"	"GO:0005515"
"LIG_PDZ_Class_1"	"GO:0019904"
"LIG_PDZ_Class_1"	"GO:0007165"
"LIG_PDZ_Class_2"	"GO:0005829"
"LIG_PDZ_Class_2"	"GO:0009898"
"LIG_PDZ_Class_2"	"GO:0030165"
"LIG_PDZ_Class_2"	"GO:0005515"
"LIG_PDZ_Class_2"	"GO:0019904"
"LIG_PDZ_Class_2"	"GO:0007165"
"LIG_PDZ_Class_3"	"GO:0005829"
"LIG_PDZ_Class_3"	"GO:0009898"
"LIG_PDZ_Class_3"	"GO:0030165"
"LIG_PDZ_Class_3"	"GO:0005515"
"LIG_PDZ_Class_3"	"GO:0019904"
"LIG_PDZ_Class_3"	"GO:0007165"
"LIG_PDZ_Wminus1_1"	"GO:0098609"
"LIG_PDZ_Wminus1_1"	"GO:0005911"
"LIG_PDZ_Wminus1_1"	"GO:0005829"
"LIG_PDZ_Wminus1_1"	"GO:0035329"
"LIG_PDZ_Wminus1_1"	"GO:0009898"
"LIG_PDZ_Wminus1_1"	"GO:0030165"
"LIG_PDZ_Wminus1_1"	"GO:0005515"
"LIG_PDZ_Wminus1_1"	"GO:0019904"
"LIG_PDZ_Wminus1_1"	"GO:0048167"
"LIG_PDZ_Wminus1_1"	"GO:0007165"
"LIG_PDZ_Wminus1_1"	"GO:0045202"
"LIG_PDZ_Wminus1_1"	"GO:0070160"
"LIG_PDZ_Wminus1_1"	"GO:0016055"
"LIG_PROFILIN_1"	"GO:0003779"
"LIG_PROFILIN_1"	"GO:0015629"
"LIG_PROFILIN_1"	"GO:0030041"
"LIG_PROFILIN_1"	"GO:0007010"
"LIG_PROFILIN_1"	"GO:0005829"
"LIG_PROFILIN_1"	"GO:0005522"
"LIG_PROFILIN_1"	"GO:0051493"
"LIG_PTAP_UEV_1"	"GO:0005829"
"LIG_PTAP_UEV_1"	"GO:0000813"
"LIG_PTAP_UEV_1"	"GO:0044419"
"LIG_PTAP_UEV_1"	"GO:0046755"
"LIG_PTAP_UEV_1"	"GO:0005634"
"LIG_PTAP_UEV_1"	"GO:0015031"
"LIG_PTAP_UEV_1"	"GO:0043162"
"LIG_PTB_Apo_2"	"GO:0007155"
"LIG_PTB_Apo_2"	"GO:0016044"
"LIG_PTB_Apo_2"	"GO:0016023"
"LIG_PTB_Apo_2"	"GO:0005829"
"LIG_PTB_Apo_2"	"GO:0008305"
"LIG_PTB_Apo_2"	"GO:0009898"
"LIG_PTB_Apo_2"	"GO:0005515"
"LIG_PTB_Apo_2"	"GO:0019904"
"LIG_PTB_Apo_2"	"GO:0051425"
"LIG_PTB_Apo_2"	"GO:0043235"
"LIG_PTB_Apo_2"	"GO:0030334"
"LIG_PTB_Apo_2"	"GO:0007169"
"LIG_PTB_Phospho_1"	"GO:0007155"
"LIG_PTB_Phospho_1"	"GO:0016044"
"LIG_PTB_Phospho_1"	"GO:0016023"
"LIG_PTB_Phospho_1"	"GO:0005829"
"LIG_PTB_Phospho_1"	"GO:0008305"
"LIG_PTB_Phospho_1"	"GO:0009898"
"LIG_PTB_Phospho_1"	"GO:0005515"
"LIG_PTB_Phospho_1"	"GO:0019904"
"LIG_PTB_Phospho_1"	"GO:0051425"
"LIG_PTB_Phospho_1"	"GO:0043235"
"LIG_PTB_Phospho_1"	"GO:0030334"
"LIG_PTB_Phospho_1"	"GO:0007169"
"LIG_Pex14_1"	"GO:0005829"
"LIG_Pex14_1"	"GO:0020015"
"LIG_Pex14_1"	"GO:0005777"
"LIG_Pex14_1"	"GO:0016558"
"LIG_Pex14_1"	"GO:0000268"
"LIG_Pex14_1"	"GO:0005052"
"LIG_Pex14_1"	"GO:0005515"
"LIG_Pex14_1"	"GO:0006625"
"LIG_Pex14_2"	"GO:0005829"
"LIG_Pex14_2"	"GO:0020015"
"LIG_Pex14_2"	"GO:0015919"
"LIG_Pex14_2"	"GO:0005777"
"LIG_Pex14_2"	"GO:0016558"
"LIG_Pex14_2"	"GO:0033328"
"LIG_Pex14_2"	"GO:0000268"
"LIG_Pex14_2"	"GO:0005052"
"LIG_Pex14_2"	"GO:0005515"
"LIG_Pex14_2"	"GO:0006625"
"LIG_Pex14_3"	"GO:0005829"
"LIG_Pex14_3"	"GO:0019899"
"LIG_Pex14_3"	"GO:0005622"
"LIG_Pex14_3"	"GO:0005777"
"LIG_Pex14_3"	"GO:0016560"
"LIG_Pex14_3"	"GO:0000268"
"LIG_Pex14_3"	"GO:0005052"
"LIG_Pex14_3"	"GO:0045046"
"LIG_Pex14_3"	"GO:0047485"
"LIG_Pex14_3"	"GO:0006625"
"LIG_Pex14_4"	"GO:0005829"
"LIG_Pex14_4"	"GO:0019899"
"LIG_Pex14_4"	"GO:0005622"
"LIG_Pex14_4"	"GO:0005777"
"LIG_Pex14_4"	"GO:0016560"
"LIG_Pex14_4"	"GO:0000268"
"LIG_Pex14_4"	"GO:0005052"
"LIG_Pex14_4"	"GO:0045046"
"LIG_Pex14_4"	"GO:0047485"
"LIG_Pex14_4"	"GO:0006625"
"LIG_Pex3_1"	"GO:0005829"
"LIG_Pex3_1"	"GO:0020015"
"LIG_Pex3_1"	"GO:0046860"
"LIG_Pex3_1"	"GO:0015919"
"LIG_Pex3_1"	"GO:0005777"
"LIG_Pex3_1"	"GO:0005778"
"LIG_Pex3_1"	"GO:0033328"
"LIG_Pex3_1"	"GO:0000268"
"LIG_Pex3_1"	"GO:0005515"
"LIG_Pex3_1"	"GO:0045046"
"LIG_Pex3_1"	"GO:0006625"
"LIG_RBL1_LxSxE_2"	"GO:0070176"
"LIG_RBL1_LxSxE_2"	"GO:0070314"
"LIG_RBL1_LxSxE_2"	"GO:0005654"
"LIG_RBL1_LxSxE_2"	"GO:0005634"
"LIG_RBL1_LxSxE_2"	"GO:0005515"
"LIG_RBL1_LxSxE_2"	"GO:0051726"
"LIG_RBL1_LxSxE_2"	"GO:1903450"
"LIG_RBL1_LxSxE_2"	"GO:0006355"
"LIG_RB_LxCxE_1"	"GO:0008283"
"LIG_RB_LxCxE_1"	"GO:0000785"
"LIG_RB_LxCxE_1"	"GO:0005634"
"LIG_RB_LxCxE_1"	"GO:0035189"
"LIG_RB_LxCxE_1"	"GO:0051726"
"LIG_RB_LxCxE_1"	"GO:0001558"
"LIG_RB_LxCxE_1"	"GO:0003714"
"LIG_RB_LxCxE_1"	"GO:0003700"
"LIG_RB_LxCxE_1"	"GO:0030528"
"LIG_RB_LxCxE_1"	"GO:0140110"
"LIG_RB_LxCxE_1"	"GO:0016032"
"LIG_RB_pABgroove_1"	"GO:0006915"
"LIG_RB_pABgroove_1"	"GO:0005634"
"LIG_RB_pABgroove_1"	"GO:0008284"
"LIG_RB_pABgroove_1"	"GO:0005515"
"LIG_RB_pABgroove_1"	"GO:0035189"
"LIG_RB_pABgroove_1"	"GO:0051726"
"LIG_RB_pABgroove_1"	"GO:0045449"
"LIG_RB_pABgroove_1"	"GO:0005667"
"LIG_RB_pABgroove_1"	"GO:0019048"
"LIG_REV1ctd_RIR_1"	"GO:0003684"
"LIG_REV1ctd_RIR_1"	"GO:0006281"
"LIG_REV1ctd_RIR_1"	"GO:0005654"
"LIG_REV1ctd_RIR_1"	"GO:0005634"
"LIG_REV1ctd_RIR_1"	"GO:0005515"
"LIG_REV1ctd_RIR_1"	"GO:0006974"
"LIG_REV1ctd_RIR_1"	"GO:0019985"
"LIG_RPA_C_Plants"	"GO:0006281"
"LIG_RPA_C_Plants"	"GO:0006260"
"LIG_RPA_C_Plants"	"GO:0005662"
"LIG_RPA_C_Plants"	"GO:0000724"
"LIG_RPA_C_Plants"	"GO:0005654"
"LIG_RPA_C_Plants"	"GO:0006289"
"LIG_RPA_C_Plants"	"GO:0005634"
"LIG_RPA_C_Plants"	"GO:0016605"
"LIG_RPA_C_Plants"	"GO:0005515"
"LIG_RPA_C_Plants"	"GO:0003697"
"LIG_RPA_C_Plants"	"GO:0000723"
"LIG_RPA_C_Plants"	"GO:0000722"
"LIG_RPA_C_Vert"	"GO:0006281"
"LIG_RPA_C_Vert"	"GO:0006260"
"LIG_RPA_C_Vert"	"GO:0005662"
"LIG_RPA_C_Vert"	"GO:0000724"
"LIG_RPA_C_Vert"	"GO:0005654"
"LIG_RPA_C_Vert"	"GO:0006289"
"LIG_RPA_C_Vert"	"GO:0005634"
"LIG_RPA_C_Vert"	"GO:0016605"
"LIG_RPA_C_Vert"	"GO:0005515"
"LIG_RPA_C_Vert"	"GO:0003697"
"LIG_RPA_C_Vert"	"GO:0000723"
"LIG_RPA_C_Vert"	"GO:0000722"
"LIG_RRM_PRI_1"	"GO:0030530"
"LIG_RRM_PRI_1"	"GO:0006376"
"LIG_RRM_PRI_1"	"GO:0048025"
"LIG_RRM_PRI_1"	"GO:0005634"
"LIG_RRM_PRI_1"	"GO:0019904"
"LIG_Rrp6Rrp47_Mtr4_1"	"GO:0034459"
"LIG_Rrp6Rrp47_Mtr4_1"	"GO:0005634"
"LIG_Rrp6Rrp47_Mtr4_1"	"GO:0055114"
"LIG_Rrp6Rrp47_Mtr4_1"	"GO:0006396"
"LIG_Rrp6Rrp47_Mtr4_1"	"GO:0031499"
"LIG_RuBisCO_WRxxL_1"	"GO:0015977"
"LIG_RuBisCO_WRxxL_1"	"GO:0009507"
"LIG_RuBisCO_WRxxL_1"	"GO:0009570"
"LIG_RuBisCO_WRxxL_1"	"GO:0070925"
"LIG_RuBisCO_WRxxL_1"	"GO:0009853"
"LIG_RuBisCO_WRxxL_1"	"GO:0015979"
"LIG_RuBisCO_WRxxL_1"	"GO:0005515"
"LIG_RuBisCO_WRxxL_1"	"GO:0044877"
"LIG_RuBisCO_WRxxL_1"	"GO:1990732"
"LIG_RuBisCO_WRxxL_1"	"GO:1902115"
"LIG_SH2_CRK"	"GO:0015629"
"LIG_SH2_CRK"	"GO:0007155"
"LIG_SH2_CRK"	"GO:0030154"
"LIG_SH2_CRK"	"GO:0007166"
"LIG_SH2_CRK"	"GO:0005829"
"LIG_SH2_CRK"	"GO:0018108"
"LIG_SH2_CRK"	"GO:0030335"
"LIG_SH2_CRK"	"GO:0005515"
"LIG_SH2_CRK"	"GO:0032956"
"LIG_SH2_CRK"	"GO:0005070"
"LIG_SH2_CRK"	"GO:0007165"
"LIG_SH2_GRB2like"	"GO:0008283"
"LIG_SH2_GRB2like"	"GO:0005829"
"LIG_SH2_GRB2like"	"GO:0005769"
"LIG_SH2_GRB2like"	"GO:0070851"
"LIG_SH2_GRB2like"	"GO:0018108"
"LIG_SH2_GRB2like"	"GO:0008284"
"LIG_SH2_GRB2like"	"GO:0005515"
"LIG_SH2_GRB2like"	"GO:0042169"
"LIG_SH2_GRB2like"	"GO:0005070"
"LIG_SH2_GRB2like"	"GO:0007165"
"LIG_SH2_GRB2like"	"GO:0031295"
"LIG_SH2_GRB2like"	"GO:0050852"
"LIG_SH2_GRB2like"	"GO:0005069"
"LIG_SH2_GRB2like"	"GO:0007169"
"LIG_SH2_NCK_1"	"GO:0015629"
"LIG_SH2_NCK_1"	"GO:0075520"
"LIG_SH2_NCK_1"	"GO:0005829"
"LIG_SH2_NCK_1"	"GO:0070851"
"LIG_SH2_NCK_1"	"GO:0020002"
"LIG_SH2_NCK_1"	"GO:0008286"
"LIG_SH2_NCK_1"	"GO:0009898"
"LIG_SH2_NCK_1"	"GO:0009405"
"LIG_SH2_NCK_1"	"GO:0030838"
"LIG_SH2_NCK_1"	"GO:0005515"
"LIG_SH2_NCK_1"	"GO:0042169"
"LIG_SH2_NCK_1"	"GO:0005070"
"LIG_SH2_NCK_1"	"GO:0007165"
"LIG_SH2_NCK_1"	"GO:0050852"
"LIG_SH2_NCK_1"	"GO:0048010"
"LIG_SH2_PTP2"	"GO:0005829"
"LIG_SH2_PTP2"	"GO:0007173"
"LIG_SH2_PTP2"	"GO:0008286"
"LIG_SH2_PTP2"	"GO:0042169"
"LIG_SH2_SFK_2"	"GO:0005829"
"LIG_SH2_SFK_2"	"GO:0009898"
"LIG_SH2_SFK_2"	"GO:0005886"
"LIG_SH2_SFK_2"	"GO:0005515"
"LIG_SH2_SFK_2"	"GO:0007346"
"LIG_SH2_SFK_2"	"GO:0042169"
"LIG_SH2_SFK_2"	"GO:0023052"
"LIG_SH2_SFK_2"	"GO:0007165"
"LIG_SH2_SFK_CTail_3"	"GO:0030154"
"LIG_SH2_SFK_CTail_3"	"GO:0005829"
"LIG_SH2_SFK_CTail_3"	"GO:0009898"
"LIG_SH2_SFK_CTail_3"	"GO:0005886"
"LIG_SH2_SFK_CTail_3"	"GO:0005515"
"LIG_SH2_SFK_CTail_3"	"GO:0042058"
"LIG_SH2_SFK_CTail_3"	"GO:0007346"
"LIG_SH2_SFK_CTail_3"	"GO:0042169"
"LIG_SH2_SFK_CTail_3"	"GO:0023052"
"LIG_SH2_SFK_CTail_3"	"GO:0007165"
"LIG_SH2_STAP1"	"GO:0042113"
"LIG_SH2_STAP1"	"GO:0050853"
"LIG_SH2_STAP1"	"GO:0035556"
"LIG_SH2_STAP1"	"GO:0005886"
"LIG_SH2_STAP1"	"GO:0005515"
"LIG_SH2_STAP1"	"GO:0042169"
"LIG_SH2_STAT3"	"GO:0005829"
"LIG_SH2_STAT3"	"GO:0042169"
"LIG_SH2_STAT5"	"GO:0005829"
"LIG_SH2_STAT5"	"GO:0042169"
"LIG_SH2_STAT6"	"GO:0005829"
"LIG_SH2_STAT6"	"GO:0042169"
"LIG_SH3_1"	"GO:0005488"
"LIG_SH3_1"	"GO:0007154"
"LIG_SH3_1"	"GO:0008150"
"LIG_SH3_1"	"GO:0005829"
"LIG_SH3_1"	"GO:0005925"
"LIG_SH3_1"	"GO:0005886"
"LIG_SH3_1"	"GO:0005515"
"LIG_SH3_1"	"GO:0019904"
"LIG_SH3_1"	"GO:0017124"
"LIG_SH3_1"	"GO:0007165"
"LIG_SH3_2"	"GO:0005488"
"LIG_SH3_2"	"GO:0007154"
"LIG_SH3_2"	"GO:0008150"
"LIG_SH3_2"	"GO:0005829"
"LIG_SH3_2"	"GO:0005925"
"LIG_SH3_2"	"GO:0005886"
"LIG_SH3_2"	"GO:0005515"
"LIG_SH3_2"	"GO:0019904"
"LIG_SH3_2"	"GO:0017124"
"LIG_SH3_2"	"GO:0007165"
"LIG_SH3_3"	"GO:0005488"
"LIG_SH3_3"	"GO:0007154"
"LIG_SH3_3"	"GO:0008150"
"LIG_SH3_3"	"GO:0005829"
"LIG_SH3_3"	"GO:0005925"
"LIG_SH3_3"	"GO:0005886"
"LIG_SH3_3"	"GO:0005515"
"LIG_SH3_3"	"GO:0019904"
"LIG_SH3_3"	"GO:0017124"
"LIG_SH3_3"	"GO:0007165"
"LIG_SH3_4"	"GO:0005488"
"LIG_SH3_4"	"GO:0007154"
"LIG_SH3_4"	"GO:0008150"
"LIG_SH3_4"	"GO:0005829"
"LIG_SH3_4"	"GO:0005925"
"LIG_SH3_4"	"GO:0005515"
"LIG_SH3_4"	"GO:0019904"
"LIG_SH3_4"	"GO:0017124"
"LIG_SH3_4"	"GO:0007165"
"LIG_SH3_CIN85_PxpxPR_1"	"GO:0007015"
"LIG_SH3_CIN85_PxpxPR_1"	"GO:0006915"
"LIG_SH3_CIN85_PxpxPR_1"	"GO:0042113"
"LIG_SH3_CIN85_PxpxPR_1"	"GO:0005856"
"LIG_SH3_CIN85_PxpxPR_1"	"GO:0007010"
"LIG_SH3_CIN85_PxpxPR_1"	"GO:0005829"
"LIG_SH3_CIN85_PxpxPR_1"	"GO:0006897"
"LIG_SH3_CIN85_PxpxPR_1"	"GO:0044409"
"LIG_SH3_CIN85_PxpxPR_1"	"GO:0009898"
"LIG_SH3_CIN85_PxpxPR_1"	"GO:0098689"
"LIG_SH3_CIN85_PxpxPR_1"	"GO:0002092"
"LIG_SH3_CIN85_PxpxPR_1"	"GO:0005515"
"LIG_SH3_CIN85_PxpxPR_1"	"GO:0031623"
"LIG_SH3_CIN85_PxpxPR_1"	"GO:0017124"
"LIG_SH3_CIN85_PxpxPR_1"	"GO:0042110"
"LIG_SH3_CIN85_PxpxPR_1"	"GO:0019034"
"LIG_SH3_CIN85_PxpxPR_1"	"GO:0046786"
"LIG_SH3_PxRPPK_7"	"GO:0005829"
"LIG_SH3_PxRPPK_7"	"GO:0007173"
"LIG_SH3_PxRPPK_7"	"GO:0008543"
"LIG_SH3_PxRPPK_7"	"GO:0008286"
"LIG_SH3_PxRPPK_7"	"GO:0019904"
"LIG_SH3_PxRPPK_7"	"GO:0035591"
"LIG_SH3_PxRPPK_7"	"GO:0007165"
"LIG_SH3_PxRPPK_7"	"GO:0050852"
"LIG_SH3_PxxDY_5"	"GO:0005488"
"LIG_SH3_PxxDY_5"	"GO:0007154"
"LIG_SH3_PxxDY_5"	"GO:0008150"
"LIG_SH3_PxxDY_5"	"GO:0098562"
"LIG_SH3_PxxDY_5"	"GO:0005829"
"LIG_SH3_PxxDY_5"	"GO:0005886"
"LIG_SH3_PxxDY_5"	"GO:0005515"
"LIG_SH3_PxxDY_5"	"GO:0019904"
"LIG_SH3_PxxDY_5"	"GO:0017124"
"LIG_SH3_PxxDY_5"	"GO:0007165"
"LIG_SH3_PxxPPRxxK_8"	"GO:0005829"
"LIG_SH3_PxxPPRxxK_8"	"GO:0019904"
"LIG_SH3_PxxPPRxxK_8"	"GO:0035591"
"LIG_SH3_PxxPPRxxK_8"	"GO:0007165"
"LIG_SH3_PxxPPRxxK_8"	"GO:0050852"
"LIG_SH3_PxxxRxxKP_6"	"GO:0005829"
"LIG_SH3_PxxxRxxKP_6"	"GO:0045121"
"LIG_SH3_PxxxRxxKP_6"	"GO:0019904"
"LIG_SH3_PxxxRxxKP_6"	"GO:0035591"
"LIG_SH3_PxxxRxxKP_6"	"GO:0007165"
"LIG_SH3_PxxxRxxKP_6"	"GO:0050852"
"LIG_SH3_PxxxRxxKP_6"	"GO:0036398"
"LIG_SPRY_1"	"GO:0005829"
"LIG_SPRY_1"	"GO:0035556"
"LIG_SPRY_1"	"GO:0001960"
"LIG_SPRY_1"	"GO:0005515"
"LIG_SPRY_1"	"GO:0000151"
"LIG_SUFU_1"	"GO:0005829"
"LIG_SUFU_1"	"GO:0035301"
"LIG_SUFU_1"	"GO:0045879"
"LIG_SUFU_1"	"GO:0005634"
"LIG_SUFU_1"	"GO:0072372"
"LIG_SUFU_1"	"GO:0005515"
"LIG_SUMO_SIM_anti_2"	"GO:0016604"
"LIG_SUMO_SIM_anti_2"	"GO:0005634"
"LIG_SUMO_SIM_anti_2"	"GO:0016605"
"LIG_SUMO_SIM_anti_2"	"GO:0030578"
"LIG_SUMO_SIM_anti_2"	"GO:0060968"
"LIG_SUMO_SIM_anti_2"	"GO:0032880"
"LIG_SUMO_SIM_anti_2"	"GO:0033233"
"LIG_SUMO_SIM_anti_2"	"GO:0032183"
"LIG_SUMO_SIM_anti_2"	"GO:0032184"
"LIG_SUMO_SIM_par_1"	"GO:0016604"
"LIG_SUMO_SIM_par_1"	"GO:0005634"
"LIG_SUMO_SIM_par_1"	"GO:0016605"
"LIG_SUMO_SIM_par_1"	"GO:0030578"
"LIG_SUMO_SIM_par_1"	"GO:0060968"
"LIG_SUMO_SIM_par_1"	"GO:0032880"
"LIG_SUMO_SIM_par_1"	"GO:0033233"
"LIG_SUMO_SIM_par_1"	"GO:0032183"
"LIG_SUMO_SIM_par_1"	"GO:0032184"
"LIG_Sin3_1"	"GO:0008151"
"LIG_Sin3_1"	"GO:0007275"
"LIG_Sin3_1"	"GO:0005634"
"LIG_Sin3_1"	"GO:0030528"
"LIG_Sin3_2"	"GO:0008151"
"LIG_Sin3_2"	"GO:0007275"
"LIG_Sin3_2"	"GO:0005634"
"LIG_Sin3_2"	"GO:0030528"
"LIG_Sin3_3"	"GO:0008151"
"LIG_Sin3_3"	"GO:0007275"
"LIG_Sin3_3"	"GO:0005634"
"LIG_Sin3_3"	"GO:0030528"
"LIG_SxIP_EBH_1"	"GO:0031122"
"LIG_SxIP_EBH_1"	"GO:0005829"
"LIG_SxIP_EBH_1"	"GO:0030951"
"LIG_SxIP_EBH_1"	"GO:0005874"
"LIG_SxIP_EBH_1"	"GO:0007018"
"LIG_SxIP_EBH_1"	"GO:0007017"
"LIG_SxIP_EBH_1"	"GO:0000226"
"LIG_SxIP_EBH_1"	"GO:0051010"
"LIG_SxIP_EBH_1"	"GO:0031109"
"LIG_SxIP_EBH_1"	"GO:0031535"
"LIG_SxIP_EBH_1"	"GO:0032886"
"LIG_TPR"	"GO:0003754"
"LIG_TPR"	"GO:0005829"
"LIG_TPR"	"GO:0003773"
"LIG_TPR"	"GO:0005634"
"LIG_TPR"	"GO:0006457"
"LIG_TPR"	"GO:0006950"
"LIG_TRAF2like_MATH_loPxQ_2"	"GO:0023035"
"LIG_TRAF2like_MATH_loPxQ_2"	"GO:0071360"
"LIG_TRAF2like_MATH_loPxQ_2"	"GO:0032473"
"LIG_TRAF2like_MATH_loPxQ_2"	"GO:0005829"
"LIG_TRAF2like_MATH_loPxQ_2"	"GO:0051607"
"LIG_TRAF2like_MATH_loPxQ_2"	"GO:0009898"
"LIG_TRAF2like_MATH_loPxQ_2"	"GO:0070530"
"LIG_TRAF2like_MATH_loPxQ_2"	"GO:0043066"
"LIG_TRAF2like_MATH_loPxQ_2"	"GO:0043124"
"LIG_TRAF2like_MATH_loPxQ_2"	"GO:0005515"
"LIG_TRAF2like_MATH_loPxQ_2"	"GO:0070534"
"LIG_TRAF2like_MATH_loPxQ_2"	"GO:0004871"
"LIG_TRAF2like_MATH_loPxQ_2"	"GO:0007165"
"LIG_TRAF2like_MATH_loPxQ_2"	"GO:0005031"
"LIG_TRAF2like_MATH_loPxQ_2"	"GO:0000151"
"LIG_TRAF2like_MATH_shPxQ_1"	"GO:0023035"
"LIG_TRAF2like_MATH_shPxQ_1"	"GO:0071360"
"LIG_TRAF2like_MATH_shPxQ_1"	"GO:0032473"
"LIG_TRAF2like_MATH_shPxQ_1"	"GO:0005829"
"LIG_TRAF2like_MATH_shPxQ_1"	"GO:0051607"
"LIG_TRAF2like_MATH_shPxQ_1"	"GO:0009898"
"LIG_TRAF2like_MATH_shPxQ_1"	"GO:0070530"
"LIG_TRAF2like_MATH_shPxQ_1"	"GO:0043066"
"LIG_TRAF2like_MATH_shPxQ_1"	"GO:0043124"
"LIG_TRAF2like_MATH_shPxQ_1"	"GO:0005515"
"LIG_TRAF2like_MATH_shPxQ_1"	"GO:0070534"
"LIG_TRAF2like_MATH_shPxQ_1"	"GO:0004871"
"LIG_TRAF2like_MATH_shPxQ_1"	"GO:0007165"
"LIG_TRAF2like_MATH_shPxQ_1"	"GO:0005031"
"LIG_TRAF2like_MATH_shPxQ_1"	"GO:0000151"
"LIG_TRAF3_MATH_PxP_3"	"GO:0005829"
"LIG_TRAF3_MATH_PxP_3"	"GO:0009898"
"LIG_TRAF3_MATH_PxP_3"	"GO:0070530"
"LIG_TRAF3_MATH_PxP_3"	"GO:0043124"
"LIG_TRAF3_MATH_PxP_3"	"GO:0030890"
"LIG_TRAF3_MATH_PxP_3"	"GO:0005515"
"LIG_TRAF3_MATH_PxP_3"	"GO:0070534"
"LIG_TRAF3_MATH_PxP_3"	"GO:0004871"
"LIG_TRAF3_MATH_PxP_3"	"GO:0007165"
"LIG_TRAF3_MATH_PxP_3"	"GO:0005031"
"LIG_TRAF3_MATH_PxP_3"	"GO:0000151"
"LIG_TRAF4_MATH_1"	"GO:0007596"
"LIG_TRAF4_MATH_1"	"GO:0005829"
"LIG_TRAF4_MATH_1"	"GO:1990779"
"LIG_TRAF4_MATH_1"	"GO:0005887"
"LIG_TRAF4_MATH_1"	"GO:0070530"
"LIG_TRAF4_MATH_1"	"GO:0008284"
"LIG_TRAF4_MATH_1"	"GO:0005515"
"LIG_TRAF4_MATH_1"	"GO:0004871"
"LIG_TRAF4_MATH_1"	"GO:0005031"
"LIG_TRAF6_MATH_1"	"GO:0019724"
"LIG_TRAF6_MATH_1"	"GO:0023035"
"LIG_TRAF6_MATH_1"	"GO:0071360"
"LIG_TRAF6_MATH_1"	"GO:0098554"
"LIG_TRAF6_MATH_1"	"GO:0032473"
"LIG_TRAF6_MATH_1"	"GO:0005829"
"LIG_TRAF6_MATH_1"	"GO:0051607"
"LIG_TRAF6_MATH_1"	"GO:0046847"
"LIG_TRAF6_MATH_1"	"GO:0009898"
"LIG_TRAF6_MATH_1"	"GO:0070530"
"LIG_TRAF6_MATH_1"	"GO:0060749"
"LIG_TRAF6_MATH_1"	"GO:0030316"
"LIG_TRAF6_MATH_1"	"GO:0032728"
"LIG_TRAF6_MATH_1"	"GO:0051092"
"LIG_TRAF6_MATH_1"	"GO:0005515"
"LIG_TRAF6_MATH_1"	"GO:0070534"
"LIG_TRAF6_MATH_1"	"GO:0032496"
"LIG_TRAF6_MATH_1"	"GO:0004871"
"LIG_TRAF6_MATH_1"	"GO:0007165"
"LIG_TRAF6_MATH_1"	"GO:0002224"
"LIG_TRAF6_MATH_1"	"GO:0005031"
"LIG_TRAF6_MATH_1"	"GO:0000151"
"LIG_TRFH_1"	"GO:0000781"
"LIG_TRFH_1"	"GO:0005634"
"LIG_TRFH_1"	"GO:0019904"
"LIG_TRFH_1"	"GO:0051972"
"LIG_TRFH_1"	"GO:0005696"
"LIG_TRFH_1"	"GO:0000723"
"LIG_TYR_ITAM"	"GO:0005829"
"LIG_TYR_ITAM"	"GO:0006468"
"LIG_TYR_ITIM"	"GO:0005829"
"LIG_TYR_ITIM"	"GO:0006468"
"LIG_TYR_ITSM"	"GO:0005829"
"LIG_TYR_ITSM"	"GO:0006468"
"LIG_Trf4_IWRxY_1"	"GO:0006397"
"LIG_Trf4_IWRxY_1"	"GO:0071027"
"LIG_Trf4_IWRxY_1"	"GO:0005730"
"LIG_Trf4_IWRxY_1"	"GO:0005634"
"LIG_Trf4_IWRxY_1"	"GO:0005515"
"LIG_Trf4_IWRxY_1"	"GO:0032991"
"LIG_Trf4_IWRxY_1"	"GO:0019904"
"LIG_Trf4_IWRxY_1"	"GO:0061013"
"LIG_Trf4_IWRxY_1"	"GO:0006401"
"LIG_Trf4_IWRxY_1"	"GO:0006364"
"LIG_Trf4_IWRxY_1"	"GO:0016076"
"LIG_Trf4_IWRxY_1"	"GO:0031499"
"LIG_UBA3_1"	"GO:0061654"
"LIG_UBA3_1"	"GO:0005634"
"LIG_UBA3_1"	"GO:0042277"
"LIG_UBA3_1"	"GO:2000436"
"LIG_UFM1_UFIM_1"	"GO:0005829"
"LIG_UFM1_UFIM_1"	"GO:0005515"
"LIG_UFM1_UFIM_1"	"GO:0071569"
"LIG_UFM1_UFIM_1"	"GO:0033146"
"LIG_UFM1_UFIM_1"	"GO:0034976"
"LIG_UFM1_UFIM_1"	"GO:0008641"
"LIG_UFM1_UFIM_1"	"GO:0071566"
"LIG_ULM_U2AF65_1"	"GO:0006376"
"LIG_ULM_U2AF65_1"	"GO:0000398"
"LIG_ULM_U2AF65_1"	"GO:0006374"
"LIG_ULM_U2AF65_1"	"GO:0005634"
"LIG_ULM_U2AF65_1"	"GO:0019904"
"LIG_ULM_U2AF65_1"	"GO:0043484"
"LIG_ULM_U2AF65_1"	"GO:0000245"
"LIG_ULM_U2AF65_1"	"GO:0005681"
"LIG_VCP_SHPBox_1"	"GO:0034620"
"LIG_VCP_SHPBox_1"	"GO:0098554"
"LIG_VCP_SHPBox_1"	"GO:0005829"
"LIG_VCP_SHPBox_1"	"GO:0044322"
"LIG_VCP_SHPBox_1"	"GO:0030968"
"LIG_VCP_SHPBox_1"	"GO:0036503"
"LIG_VCP_SHPBox_1"	"GO:0070987"
"LIG_VCP_SHPBox_1"	"GO:1904211"
"LIG_VCP_SHPBox_1"	"GO:0031333"
"LIG_VCP_SHPBox_1"	"GO:0005634"
"LIG_VCP_SHPBox_1"	"GO:1904294"
"LIG_VCP_SHPBox_1"	"GO:0005515"
"LIG_VCP_SHPBox_1"	"GO:0106300"
"LIG_VCP_SHPBox_1"	"GO:0051087"
"LIG_VCP_SHPBox_1"	"GO:1904379"
"LIG_VCP_SHPBox_1"	"GO:0000209"
"LIG_VCP_SHPBox_1"	"GO:0006974"
"LIG_VCP_SHPBox_1"	"GO:0043130"
"LIG_VCP_SHPBox_1"	"GO:0030433"
"LIG_VCP_SHPBox_1"	"GO:0036501"
"LIG_VCP_SHPBox_1"	"GO:1990730"
"LIG_VCP_VBM_3"	"GO:0034620"
"LIG_VCP_VBM_3"	"GO:0098554"
"LIG_VCP_VBM_3"	"GO:0005829"
"LIG_VCP_VBM_3"	"GO:0044322"
"LIG_VCP_VBM_3"	"GO:0036503"
"LIG_VCP_VBM_3"	"GO:0000839"
"LIG_VCP_VBM_3"	"GO:1904211"
"LIG_VCP_VBM_3"	"GO:0005634"
"LIG_VCP_VBM_3"	"GO:1904294"
"LIG_VCP_VBM_3"	"GO:0005515"
"LIG_VCP_VBM_3"	"GO:0051087"
"LIG_VCP_VBM_3"	"GO:1904379"
"LIG_VCP_VBM_3"	"GO:0000209"
"LIG_VCP_VBM_3"	"GO:0043130"
"LIG_VCP_VBM_3"	"GO:0030433"
"LIG_VCP_VIM_2"	"GO:0034620"
"LIG_VCP_VIM_2"	"GO:0098554"
"LIG_VCP_VIM_2"	"GO:0005829"
"LIG_VCP_VIM_2"	"GO:0044322"
"LIG_VCP_VIM_2"	"GO:0036503"
"LIG_VCP_VIM_2"	"GO:1904211"
"LIG_VCP_VIM_2"	"GO:0031333"
"LIG_VCP_VIM_2"	"GO:0005634"
"LIG_VCP_VIM_2"	"GO:1904294"
"LIG_VCP_VIM_2"	"GO:0005515"
"LIG_VCP_VIM_2"	"GO:0051087"
"LIG_VCP_VIM_2"	"GO:1904379"
"LIG_VCP_VIM_2"	"GO:0000209"
"LIG_VCP_VIM_2"	"GO:0043130"
"LIG_VCP_VIM_2"	"GO:0030433"
"LIG_Vh1_VBS_1"	"GO:0015629"
"LIG_Vh1_VBS_1"	"GO:0051015"
"LIG_Vh1_VBS_1"	"GO:0007155"
"LIG_Vh1_VBS_1"	"GO:0005911"
"LIG_Vh1_VBS_1"	"GO:0007043"
"LIG_Vh1_VBS_1"	"GO:0005829"
"LIG_Vh1_VBS_1"	"GO:0005925"
"LIG_Vh1_VBS_1"	"GO:0007229"
"LIG_Vh1_VBS_1"	"GO:0009405"
"LIG_Vh1_VBS_1"	"GO:0005515"
"LIG_Vh1_VBS_1"	"GO:0032403"
"LIG_Vh1_VBS_1"	"GO:0017166"
"LIG_WD40_WDR5_VDV_1"	"GO:0051568"
"LIG_WD40_WDR5_VDV_1"	"GO:0035097"
"LIG_WD40_WDR5_VDV_1"	"GO:0005634"
"LIG_WD40_WDR5_VDV_1"	"GO:0005515"
"LIG_WD40_WDR5_VDV_2"	"GO:0051568"
"LIG_WD40_WDR5_VDV_2"	"GO:0035097"
"LIG_WD40_WDR5_VDV_2"	"GO:0005634"
"LIG_WD40_WDR5_VDV_2"	"GO:0005515"
"LIG_WD40_WDR5_WIN_1"	"GO:0051568"
"LIG_WD40_WDR5_WIN_1"	"GO:0035097"
"LIG_WD40_WDR5_WIN_1"	"GO:0005634"
"LIG_WD40_WDR5_WIN_1"	"GO:0005515"
"LIG_WD40_WDR5_WIN_2"	"GO:0051568"
"LIG_WD40_WDR5_WIN_2"	"GO:0035097"
"LIG_WD40_WDR5_WIN_2"	"GO:0005634"
"LIG_WD40_WDR5_WIN_2"	"GO:0005515"
"LIG_WD40_WDR5_WIN_3"	"GO:0051568"
"LIG_WD40_WDR5_WIN_3"	"GO:0035097"
"LIG_WD40_WDR5_WIN_3"	"GO:0005634"
"LIG_WD40_WDR5_WIN_3"	"GO:0005515"
"LIG_WH1"	"GO:0015629"
"LIG_WH1"	"GO:0005488"
"LIG_WH1"	"GO:0030036"
"LIG_WH1"	"GO:0006928"
"LIG_WH1"	"GO:0005519"
"LIG_WH1"	"GO:0005829"
"LIG_WH1"	"GO:0045758"
"LIG_WH1"	"GO:0005515"
"LIG_WH1"	"GO:0019904"
"LIG_WRC_WIRS_1"	"GO:0003779"
"LIG_WRC_WIRS_1"	"GO:0015629"
"LIG_WRC_WIRS_1"	"GO:0030041"
"LIG_WRC_WIRS_1"	"GO:0030036"
"LIG_WRC_WIRS_1"	"GO:0005829"
"LIG_WRC_WIRS_1"	"GO:2000601"
"LIG_WRC_WIRS_1"	"GO:0005515"
"LIG_WRC_WIRS_1"	"GO:0032991"
"LIG_WRPW_1"	"GO:0030154"
"LIG_WRPW_1"	"GO:0016481"
"LIG_WRPW_1"	"GO:0005634"
"LIG_WRPW_1"	"GO:0045449"
"LIG_WRPW_1"	"GO:0003712"
"LIG_WRPW_1"	"GO:0003714"
"LIG_WRPW_1"	"GO:0008134"
"LIG_WRPW_2"	"GO:0030154"
"LIG_WRPW_2"	"GO:0016481"
"LIG_WRPW_2"	"GO:0005634"
"LIG_WW_1"	"GO:0005488"
"LIG_WW_1"	"GO:0007155"
"LIG_WW_1"	"GO:0007154"
"LIG_WW_1"	"GO:0008150"
"LIG_WW_1"	"GO:0005829"
"LIG_WW_1"	"GO:0016021"
"LIG_WW_1"	"GO:0005887"
"LIG_WW_1"	"GO:0005886"
"LIG_WW_1"	"GO:0005515"
"LIG_WW_1"	"GO:0007165"
"LIG_WW_2"	"GO:0005488"
"LIG_WW_2"	"GO:0007155"
"LIG_WW_2"	"GO:0007154"
"LIG_WW_2"	"GO:0008150"
"LIG_WW_2"	"GO:0005829"
"LIG_WW_2"	"GO:0016021"
"LIG_WW_2"	"GO:0005887"
"LIG_WW_2"	"GO:0005634"
"LIG_WW_2"	"GO:0005515"
"LIG_WW_2"	"GO:0007165"
"LIG_WW_3"	"GO:0005488"
"LIG_WW_3"	"GO:0007154"
"LIG_WW_3"	"GO:0008150"
"LIG_WW_3"	"GO:0005829"
"LIG_WW_3"	"GO:0005515"
"LIG_WW_3"	"GO:0007165"
"LIG_deltaCOP1_diTrp_1"	"GO:0035964"
"LIG_deltaCOP1_diTrp_1"	"GO:0030663"
"LIG_deltaCOP1_diTrp_1"	"GO:0030126"
"LIG_deltaCOP1_diTrp_1"	"GO:0005829"
"LIG_deltaCOP1_diTrp_1"	"GO:0005789"
"LIG_deltaCOP1_diTrp_1"	"GO:0006888"
"LIG_deltaCOP1_diTrp_1"	"GO:0000139"
"LIG_deltaCOP1_diTrp_1"	"GO:0005515"
"LIG_deltaCOP1_diTrp_1"	"GO:0019904"
"LIG_deltaCOP1_diTrp_1"	"GO:0006890"
"LIG_deltaCOP1_diTrp_1"	"GO:0030133"
"LIG_deltaCOP1_diTrp_1"	"GO:0016192"
"LIG_deltaCOP1_diTrp_1"	"GO:0099022"
"LIG_deltaCOP1_diTrp_1"	"GO:0099044"
"LIG_eIF4E_1"	"GO:0005829"
"LIG_eIF4E_1"	"GO:0005515"
"LIG_eIF4E_1"	"GO:0006417"
"LIG_eIF4E_1"	"GO:0003743"
"LIG_eIF4E_2"	"GO:0005829"
"LIG_eIF4E_2"	"GO:0005515"
"LIG_eIF4E_2"	"GO:0006417"
"LIG_eIF4E_2"	"GO:0003743"
"MOD_AAK1BIKe_LxxQxTG_1"	"GO:0035612"
"MOD_AAK1BIKe_LxxQxTG_1"	"GO:0005905"
"MOD_AAK1BIKe_LxxQxTG_1"	"GO:0005829"
"MOD_AAK1BIKe_LxxQxTG_1"	"GO:0006897"
"MOD_AAK1BIKe_LxxQxTG_1"	"GO:0009898"
"MOD_AAK1BIKe_LxxQxTG_1"	"GO:0005112"
"MOD_AAK1BIKe_LxxQxTG_1"	"GO:0016607"
"MOD_AAK1BIKe_LxxQxTG_1"	"GO:0005634"
"MOD_AAK1BIKe_LxxQxTG_1"	"GO:0019208"
"MOD_AAK1BIKe_LxxQxTG_1"	"GO:0045747"
"MOD_AAK1BIKe_LxxQxTG_1"	"GO:0006468"
"MOD_AAK1BIKe_LxxQxTG_1"	"GO:0004674"
"MOD_AAK1BIKe_LxxQxTG_1"	"GO:2000369"
"MOD_AAK1BIKe_LxxQxTG_1"	"GO:0045202"
"MOD_ASX_betaOH_EGF"	"GO:0030154"
"MOD_ASX_betaOH_EGF"	"GO:0007275"
"MOD_ASX_betaOH_EGF"	"GO:0005783"
"MOD_ASX_betaOH_EGF"	"GO:0005576"
"MOD_CAAXbox"	"GO:0005829"
"MOD_CAAXbox"	"GO:0018346"
"MOD_CAAXbox"	"GO:0018343"
"MOD_CAAXbox"	"GO:0004660"
"MOD_CAAXbox"	"GO:0018344"
"MOD_CAAXbox"	"GO:0004661"
"MOD_CAAXbox"	"GO:0018342"
"MOD_CAAXbox"	"GO:0008318"
"MOD_CDC14_SPxK_1"	"GO:0051301"
"MOD_CDC14_SPxK_1"	"GO:0005829"
"MOD_CDC14_SPxK_1"	"GO:0007096"
"MOD_CDC14_SPxK_1"	"GO:0071850"
"MOD_CDC14_SPxK_1"	"GO:0005730"
"MOD_CDC14_SPxK_1"	"GO:0005634"
"MOD_CDC14_SPxK_1"	"GO:0004721"
"MOD_CDK_SPK_2"	"GO:0006915"
"MOD_CDK_SPK_2"	"GO:0060070"
"MOD_CDK_SPK_2"	"GO:0004693"
"MOD_CDK_SPK_2"	"GO:0000308"
"MOD_CDK_SPK_2"	"GO:0005829"
"MOD_CDK_SPK_2"	"GO:0006260"
"MOD_CDK_SPK_2"	"GO:0000082"
"MOD_CDK_SPK_2"	"GO:0000086"
"MOD_CDK_SPK_2"	"GO:0005874"
"MOD_CDK_SPK_2"	"GO:0008017"
"MOD_CDK_SPK_2"	"GO:0007079"
"MOD_CDK_SPK_2"	"GO:0005634"
"MOD_CDK_SPK_2"	"GO:0000808"
"MOD_CDK_SPK_2"	"GO:0071158"
"MOD_CDK_SPK_2"	"GO:0019901"
"MOD_CDK_SPK_2"	"GO:0004722"
"MOD_CDK_SPK_2"	"GO:0000079"
"MOD_CDK_SPK_2"	"GO:0051726"
"MOD_CDK_SPK_2"	"GO:0006282"
"MOD_CDK_SPK_2"	"GO:0005819"
"MOD_CDK_SPK_2"	"GO:0008134"
"MOD_CDK_SPxK_1"	"GO:0004693"
"MOD_CDK_SPxK_1"	"GO:0000308"
"MOD_CDK_SPxK_1"	"GO:0005829"
"MOD_CDK_SPxK_1"	"GO:0005634"
"MOD_CDK_SPxxK_3"	"GO:0006915"
"MOD_CDK_SPxxK_3"	"GO:0060070"
"MOD_CDK_SPxxK_3"	"GO:0004693"
"MOD_CDK_SPxxK_3"	"GO:0000308"
"MOD_CDK_SPxxK_3"	"GO:0005829"
"MOD_CDK_SPxxK_3"	"GO:0006260"
"MOD_CDK_SPxxK_3"	"GO:0000082"
"MOD_CDK_SPxxK_3"	"GO:0000086"
"MOD_CDK_SPxxK_3"	"GO:0005874"
"MOD_CDK_SPxxK_3"	"GO:0008017"
"MOD_CDK_SPxxK_3"	"GO:0007079"
"MOD_CDK_SPxxK_3"	"GO:0005634"
"MOD_CDK_SPxxK_3"	"GO:0000808"
"MOD_CDK_SPxxK_3"	"GO:0071158"
"MOD_CDK_SPxxK_3"	"GO:0019901"
"MOD_CDK_SPxxK_3"	"GO:0004722"
"MOD_CDK_SPxxK_3"	"GO:0000079"
"MOD_CDK_SPxxK_3"	"GO:0051726"
"MOD_CDK_SPxxK_3"	"GO:0006282"
"MOD_CDK_SPxxK_3"	"GO:0005819"
"MOD_CDK_SPxxK_3"	"GO:0008134"
"MOD_CK1_1"	"GO:0004681"
"MOD_CK1_1"	"GO:0005829"
"MOD_CK1_1"	"GO:0005634"
"MOD_CK2_1"	"GO:0005829"
"MOD_CK2_1"	"GO:0005634"
"MOD_CK2_1"	"GO:0004672"
"MOD_CK2_1"	"GO:0004682"
"MOD_CK2_1"	"GO:0005956"
"MOD_CK2_1"	"GO:0042752"
"MOD_CK2_1"	"GO:0009411"
"MOD_CK2_1"	"GO:0016055"
"MOD_CMANNOS"	"GO:0005576"
"MOD_Cter_Amidation"	"GO:0005576"
"MOD_Cter_Amidation"	"GO:0018033"
"MOD_Cter_Amidation"	"GO:0006464"
"MOD_Cter_Amidation"	"GO:0030141"
"MOD_DYRK1A_RPxSP_1"	"GO:0030424"
"MOD_DYRK1A_RPxSP_1"	"GO:0007623"
"MOD_DYRK1A_RPxSP_1"	"GO:0008092"
"MOD_DYRK1A_RPxSP_1"	"GO:0005829"
"MOD_DYRK1A_RPxSP_1"	"GO:0030425"
"MOD_DYRK1A_RPxSP_1"	"GO:0043518"
"MOD_DYRK1A_RPxSP_1"	"GO:0031115"
"MOD_DYRK1A_RPxSP_1"	"GO:0048025"
"MOD_DYRK1A_RPxSP_1"	"GO:0007399"
"MOD_DYRK1A_RPxSP_1"	"GO:0005883"
"MOD_DYRK1A_RPxSP_1"	"GO:0004715"
"MOD_DYRK1A_RPxSP_1"	"GO:0016607"
"MOD_DYRK1A_RPxSP_1"	"GO:0005634"
"MOD_DYRK1A_RPxSP_1"	"GO:0036289"
"MOD_DYRK1A_RPxSP_1"	"GO:0018105"
"MOD_DYRK1A_RPxSP_1"	"GO:0018107"
"MOD_DYRK1A_RPxSP_1"	"GO:0038083"
"MOD_DYRK1A_RPxSP_1"	"GO:0033120"
"MOD_DYRK1A_RPxSP_1"	"GO:0045893"
"MOD_DYRK1A_RPxSP_1"	"GO:0006468"
"MOD_DYRK1A_RPxSP_1"	"GO:0004674"
"MOD_DYRK1A_RPxSP_1"	"GO:0004713"
"MOD_DYRK1A_RPxSP_1"	"GO:1990904"
"MOD_DYRK1A_RPxSP_1"	"GO:0048156"
"MOD_DYRK1A_RPxSP_1"	"GO:0050321"
"MOD_GSK3_1"	"GO:0005829"
"MOD_GSK3_1"	"GO:0005634"
"MOD_GSK3_1"	"GO:0006468"
"MOD_GSK3_1"	"GO:0004674"
"MOD_GlcNHglycan"	"GO:0005576"
"MOD_GlcNHglycan"	"GO:0006024"
"MOD_GlcNHglycan"	"GO:0005794"
"MOD_GlcNHglycan"	"GO:0030210"
"MOD_GlcNHglycan"	"GO:0030158"
"MOD_GlcNHglycan"	"GO:0042285"
"MOD_LATS_1"	"GO:0006915"
"MOD_LATS_1"	"GO:0008283"
"MOD_LATS_1"	"GO:0051220"
"MOD_LATS_1"	"GO:0005829"
"MOD_LATS_1"	"GO:0035329"
"MOD_LATS_1"	"GO:0016310"
"MOD_LATS_1"	"GO:0010718"
"MOD_LATS_1"	"GO:0072089"
"MOD_LOK_YxT_1"	"GO:0030036"
"MOD_LOK_YxT_1"	"GO:0005829"
"MOD_LOK_YxT_1"	"GO:0009898"
"MOD_LOK_YxT_1"	"GO:0006468"
"MOD_LOK_YxT_1"	"GO:0004674"
"MOD_LOK_YxT_1"	"GO:0008360"
"MOD_LOK_YxT_1"	"GO:2000401"
"MOD_N-GLC_1"	"GO:0005783"
"MOD_N-GLC_1"	"GO:0005576"
"MOD_N-GLC_1"	"GO:0005794"
"MOD_N-GLC_1"	"GO:0006487"
"MOD_N-GLC_1"	"GO:0018279"
"MOD_N-GLC_1"	"GO:0016740"
"MOD_N-GLC_1"	"GO:0016757"
"MOD_N-GLC_2"	"GO:0005783"
"MOD_N-GLC_2"	"GO:0005576"
"MOD_N-GLC_2"	"GO:0005794"
"MOD_N-GLC_2"	"GO:0006487"
"MOD_N-GLC_2"	"GO:0018279"
"MOD_N-GLC_2"	"GO:0016740"
"MOD_N-GLC_2"	"GO:0016757"
"MOD_NEK2_1"	"GO:0008608"
"MOD_NEK2_1"	"GO:0007049"
"MOD_NEK2_1"	"GO:0051301"
"MOD_NEK2_1"	"GO:0005814"
"MOD_NEK2_1"	"GO:0005813"
"MOD_NEK2_1"	"GO:0000942"
"MOD_NEK2_1"	"GO:0005829"
"MOD_NEK2_1"	"GO:0000776"
"MOD_NEK2_1"	"GO:0008017"
"MOD_NEK2_1"	"GO:0007019"
"MOD_NEK2_1"	"GO:0005815"
"MOD_NEK2_1"	"GO:0007052"
"MOD_NEK2_1"	"GO:0031262"
"MOD_NEK2_1"	"GO:1903126"
"MOD_NEK2_1"	"GO:1902018"
"MOD_NEK2_1"	"GO:0005634"
"MOD_NEK2_1"	"GO:0051984"
"MOD_NEK2_1"	"GO:0090267"
"MOD_NEK2_1"	"GO:0046777"
"MOD_NEK2_1"	"GO:0019901"
"MOD_NEK2_1"	"GO:0004674"
"MOD_NEK2_1"	"GO:0004722"
"MOD_NEK2_1"	"GO:0046602"
"MOD_NEK2_2"	"GO:0008608"
"MOD_NEK2_2"	"GO:0007049"
"MOD_NEK2_2"	"GO:0051301"
"MOD_NEK2_2"	"GO:0005814"
"MOD_NEK2_2"	"GO:0005813"
"MOD_NEK2_2"	"GO:0000942"
"MOD_NEK2_2"	"GO:0005829"
"MOD_NEK2_2"	"GO:0000776"
"MOD_NEK2_2"	"GO:0008017"
"MOD_NEK2_2"	"GO:0007019"
"MOD_NEK2_2"	"GO:0005815"
"MOD_NEK2_2"	"GO:0007052"
"MOD_NEK2_2"	"GO:0031262"
"MOD_NEK2_2"	"GO:1903126"
"MOD_NEK2_2"	"GO:1902018"
"MOD_NEK2_2"	"GO:0005634"
"MOD_NEK2_2"	"GO:0051984"
"MOD_NEK2_2"	"GO:0090267"
"MOD_NEK2_2"	"GO:0046777"
"MOD_NEK2_2"	"GO:0019901"
"MOD_NEK2_2"	"GO:0004674"
"MOD_NEK2_2"	"GO:0004722"
"MOD_NEK2_2"	"GO:0046602"
"MOD_NMyristoyl"	"GO:0046658"
"MOD_NMyristoyl"	"GO:0005829"
"MOD_NMyristoyl"	"GO:0004379"
"MOD_NMyristoyl"	"GO:0019107"
"MOD_NMyristoyl"	"GO:0018008"
"MOD_NMyristoyl"	"GO:0006499"
"MOD_NMyristoyl"	"GO:0018030"
"MOD_NMyristoyl"	"GO:0018377"
"MOD_OFUCOSY"	"GO:0005576"
"MOD_OGLYCOS"	"GO:0005576"
"MOD_PIKK_1"	"GO:0005829"
"MOD_PIKK_1"	"GO:0000077"
"MOD_PIKK_1"	"GO:0006975"
"MOD_PIKK_1"	"GO:0005634"
"MOD_PIKK_1"	"GO:0004674"
"MOD_PIKK_1"	"GO:0016447"
"MOD_PKA_1"	"GO:0005952"
"MOD_PKA_1"	"GO:0019933"
"MOD_PKA_1"	"GO:0005829"
"MOD_PKA_1"	"GO:0005634"
"MOD_PKA_1"	"GO:0010737"
"MOD_PKA_2"	"GO:0005952"
"MOD_PKA_2"	"GO:0005829"
"MOD_PKA_2"	"GO:0005634"
"MOD_PKA_2"	"GO:0010737"
"MOD_PKB_1"	"GO:0005829"
"MOD_PKB_1"	"GO:0005634"
"MOD_PK_1"	"GO:0005829"
"MOD_PK_1"	"GO:0004689"
"MOD_PRMT_GGRGG_1"	"GO:0005829"
"MOD_PRMT_GGRGG_1"	"GO:0032259"
"MOD_PRMT_GGRGG_1"	"GO:0005634"
"MOD_PRMT_GGRGG_1"	"GO:0005515"
"MOD_PRMT_GGRGG_1"	"GO:0008104"
"MOD_PRMT_GGRGG_1"	"GO:0006606"
"MOD_PRMT_GGRGG_1"	"GO:0003723"
"MOD_PRMT_GGRGG_1"	"GO:0006396"
"MOD_PRMT_GGRGG_1"	"GO:0003697"
"MOD_PRMT_GGRGG_1"	"GO:0005681"
"MOD_PRMT_GGRGG_1"	"GO:0016032"
"MOD_Plk_1"	"GO:0055059"
"MOD_Plk_1"	"GO:0051301"
"MOD_Plk_1"	"GO:0097149"
"MOD_Plk_1"	"GO:0007099"
"MOD_Plk_1"	"GO:0007098"
"MOD_Plk_1"	"GO:0003682"
"MOD_Plk_1"	"GO:0032154"
"MOD_Plk_1"	"GO:0000910"
"MOD_Plk_1"	"GO:0005829"
"MOD_Plk_1"	"GO:0000086"
"MOD_Plk_1"	"GO:0043015"
"MOD_Plk_1"	"GO:0000930"
"MOD_Plk_1"	"GO:0000776"
"MOD_Plk_1"	"GO:0000226"
"MOD_Plk_1"	"GO:0005815"
"MOD_Plk_1"	"GO:0030496"
"MOD_Plk_1"	"GO:0007076"
"MOD_Plk_1"	"GO:0007080"
"MOD_Plk_1"	"GO:0007064"
"MOD_Plk_1"	"GO:0051256"
"MOD_Plk_1"	"GO:0000799"
"MOD_Plk_1"	"GO:0005654"
"MOD_Plk_1"	"GO:0005634"
"MOD_Plk_1"	"GO:0016310"
"MOD_Plk_1"	"GO:0030674"
"MOD_Plk_1"	"GO:0019901"
"MOD_Plk_1"	"GO:0051726"
"MOD_Plk_1"	"GO:0005819"
"MOD_Plk_1"	"GO:0051233"
"MOD_Plk_2-3"	"GO:0005814"
"MOD_Plk_2-3"	"GO:0007099"
"MOD_Plk_2-3"	"GO:0005813"
"MOD_Plk_2-3"	"GO:0005829"
"MOD_Plk_2-3"	"GO:0006260"
"MOD_Plk_2-3"	"GO:0090166"
"MOD_Plk_2-3"	"GO:0005730"
"MOD_Plk_2-3"	"GO:0005634"
"MOD_Plk_2-3"	"GO:0016310"
"MOD_Plk_2-3"	"GO:0043065"
"MOD_Plk_2-3"	"GO:0005515"
"MOD_Plk_2-3"	"GO:1902806"
"MOD_Plk_2-3"	"GO:0048168"
"MOD_Plk_2-3"	"GO:0001666"
"MOD_Plk_2-3"	"GO:0031146"
"MOD_Plk_2-3"	"GO:0019005"
"MOD_Plk_4"	"GO:0034451"
"MOD_Plk_4"	"GO:0005814"
"MOD_Plk_4"	"GO:0007099"
"MOD_Plk_4"	"GO:0051298"
"MOD_Plk_4"	"GO:0060271"
"MOD_Plk_4"	"GO:0032154"
"MOD_Plk_4"	"GO:0005829"
"MOD_Plk_4"	"GO:0008274"
"MOD_Plk_4"	"GO:0007020"
"MOD_Plk_4"	"GO:0090307"
"MOD_Plk_4"	"GO:0005634"
"MOD_Plk_4"	"GO:0000242"
"MOD_Plk_4"	"GO:0016310"
"MOD_Plk_4"	"GO:0005515"
"MOD_Plk_4"	"GO:0030674"
"MOD_Plk_4"	"GO:0019901"
"MOD_Plk_4"	"GO:0071539"
"MOD_Plk_4"	"GO:0031146"
"MOD_Plk_4"	"GO:0019005"
"MOD_ProDKin_1"	"GO:0005829"
"MOD_ProDKin_1"	"GO:0004707"
"MOD_ProDKin_1"	"GO:0005634"
"MOD_ProDKin_1"	"GO:0006468"
"MOD_ProDKin_1"	"GO:0007165"
"MOD_SPalmitoyl_2"	"GO:0046658"
"MOD_SPalmitoyl_2"	"GO:0005829"
"MOD_SPalmitoyl_2"	"GO:0018345"
"MOD_SPalmitoyl_4"	"GO:0046658"
"MOD_SPalmitoyl_4"	"GO:0005829"
"MOD_SPalmitoyl_4"	"GO:0018345"
"MOD_SUMO_for_1"	"GO:0016481"
"MOD_SUMO_for_1"	"GO:0005634"
"MOD_SUMO_for_1"	"GO:0016605"
"MOD_SUMO_for_1"	"GO:0006606"
"MOD_SUMO_for_1"	"GO:0016925"
"MOD_SUMO_for_1"	"GO:0010468"
"MOD_SUMO_for_1"	"GO:0019940"
"MOD_SUMO_for_1"	"GO:0016927"
"MOD_SUMO_rev_2"	"GO:0005634"
"MOD_SUMO_rev_2"	"GO:0016605"
"MOD_SUMO_rev_2"	"GO:0016926"
"MOD_SUMO_rev_2"	"GO:0006606"
"MOD_SUMO_rev_2"	"GO:0016925"
"MOD_SUMO_rev_2"	"GO:0010468"
"MOD_SUMO_rev_2"	"GO:0032183"
"MOD_SUMO_rev_2"	"GO:0019789"
"MOD_TYR_CSK"	"GO:0005829"
"MOD_TYR_CSK"	"GO:0006468"
"MOD_TYR_CSK"	"GO:0004713"
"MOD_TYR_DYR"	"GO:0005829"
"MOD_TYR_DYR"	"GO:0018018"
"MOD_TYR_DYR"	"GO:0004689"
"MOD_TYR_DYR"	"GO:0006468"
"MOD_TYR_DYR"	"GO:0004674"
"MOD_WntLipid"	"GO:0005783"
"MOD_WntLipid"	"GO:0005576"
"MOD_WntLipid"	"GO:0016409"
"MOD_WntLipid"	"GO:0016055"
"TRG_AP2beta_CARGO_1"	"GO:0005829"
"TRG_AP2beta_CARGO_1"	"GO:0006897"
"TRG_AP2beta_CARGO_1"	"GO:0031313"
"TRG_AP2beta_CARGO_1"	"GO:0005515"
"TRG_AP2beta_CARGO_1"	"GO:0008277"
"TRG_AP2beta_CARGO_1"	"GO:0032803"
"TRG_AP2beta_CARGO_1"	"GO:0048259"
"TRG_Cilium_Arf4_1"	"GO:0005929"
"TRG_Cilium_Arf4_1"	"GO:0060271"
"TRG_Cilium_Arf4_1"	"GO:0005829"
"TRG_Cilium_Arf4_1"	"GO:0070319"
"TRG_Cilium_Arf4_1"	"GO:0005802"
"TRG_Cilium_Arf4_1"	"GO:0048194"
"TRG_Cilium_Arf4_1"	"GO:0042073"
"TRG_Cilium_Arf4_1"	"GO:0005886"
"TRG_Cilium_Arf4_1"	"GO:0005515"
"TRG_Cilium_Arf4_1"	"GO:0031267"
"TRG_Cilium_Arf4_1"	"GO:0012510"
"TRG_Cilium_RVxP_2"	"GO:0005929"
"TRG_Cilium_RVxP_2"	"GO:0060271"
"TRG_Cilium_RVxP_2"	"GO:0005829"
"TRG_Cilium_RVxP_2"	"GO:0042073"
"TRG_Cilium_RVxP_2"	"GO:0005515"
"TRG_DiLeu_BaEn_1"	"GO:0098562"
"TRG_DiLeu_BaEn_1"	"GO:0005829"
"TRG_DiLeu_BaEn_1"	"GO:0051234"
"TRG_DiLeu_BaEn_1"	"GO:0006811"
"TRG_DiLeu_BaEn_1"	"GO:0051179"
"TRG_DiLeu_BaEn_1"	"GO:0006996"
"TRG_DiLeu_BaEn_1"	"GO:0005886"
"TRG_DiLeu_BaEn_1"	"GO:0005515"
"TRG_DiLeu_BaEn_1"	"GO:0065008"
"TRG_DiLeu_BaEn_1"	"GO:0022857"
"TRG_DiLeu_BaEn_1"	"GO:0006810"
"TRG_DiLeu_BaEn_1"	"GO:0005215"
"TRG_DiLeu_BaEn_2"	"GO:0098562"
"TRG_DiLeu_BaEn_2"	"GO:0005829"
"TRG_DiLeu_BaEn_2"	"GO:0051234"
"TRG_DiLeu_BaEn_2"	"GO:0006811"
"TRG_DiLeu_BaEn_2"	"GO:0051179"
"TRG_DiLeu_BaEn_2"	"GO:0006996"
"TRG_DiLeu_BaEn_2"	"GO:0005886"
"TRG_DiLeu_BaEn_2"	"GO:0005515"
"TRG_DiLeu_BaEn_2"	"GO:0065008"
"TRG_DiLeu_BaEn_2"	"GO:0022857"
"TRG_DiLeu_BaEn_2"	"GO:0006810"
"TRG_DiLeu_BaEn_2"	"GO:0005215"
"TRG_DiLeu_BaEn_3"	"GO:0098562"
"TRG_DiLeu_BaEn_3"	"GO:0005829"
"TRG_DiLeu_BaEn_3"	"GO:0051234"
"TRG_DiLeu_BaEn_3"	"GO:0006811"
"TRG_DiLeu_BaEn_3"	"GO:0051179"
"TRG_DiLeu_BaEn_3"	"GO:0006996"
"TRG_DiLeu_BaEn_3"	"GO:0005886"
"TRG_DiLeu_BaEn_3"	"GO:0005515"
"TRG_DiLeu_BaEn_3"	"GO:0065008"
"TRG_DiLeu_BaEn_3"	"GO:0022857"
"TRG_DiLeu_BaEn_3"	"GO:0006810"
"TRG_DiLeu_BaEn_3"	"GO:0005215"
"TRG_DiLeu_BaEn_4"	"GO:0098562"
"TRG_DiLeu_BaEn_4"	"GO:0005829"
"TRG_DiLeu_BaEn_4"	"GO:0051234"
"TRG_DiLeu_BaEn_4"	"GO:0006811"
"TRG_DiLeu_BaEn_4"	"GO:0051179"
"TRG_DiLeu_BaEn_4"	"GO:0006996"
"TRG_DiLeu_BaEn_4"	"GO:0005886"
"TRG_DiLeu_BaEn_4"	"GO:0005515"
"TRG_DiLeu_BaEn_4"	"GO:0065008"
"TRG_DiLeu_BaEn_4"	"GO:0022857"
"TRG_DiLeu_BaEn_4"	"GO:0006810"
"TRG_DiLeu_BaEn_4"	"GO:0005215"
"TRG_DiLeu_BaLyEn_6"	"GO:0098562"
"TRG_DiLeu_BaLyEn_6"	"GO:0005829"
"TRG_DiLeu_BaLyEn_6"	"GO:0051234"
"TRG_DiLeu_BaLyEn_6"	"GO:0006811"
"TRG_DiLeu_BaLyEn_6"	"GO:0051179"
"TRG_DiLeu_BaLyEn_6"	"GO:0006996"
"TRG_DiLeu_BaLyEn_6"	"GO:0005886"
"TRG_DiLeu_BaLyEn_6"	"GO:0005515"
"TRG_DiLeu_BaLyEn_6"	"GO:0065008"
"TRG_DiLeu_BaLyEn_6"	"GO:0022857"
"TRG_DiLeu_BaLyEn_6"	"GO:0006810"
"TRG_DiLeu_BaLyEn_6"	"GO:0005215"
"TRG_DiLeu_LyEn_5"	"GO:0098562"
"TRG_DiLeu_LyEn_5"	"GO:0005829"
"TRG_DiLeu_LyEn_5"	"GO:0051234"
"TRG_DiLeu_LyEn_5"	"GO:0006811"
"TRG_DiLeu_LyEn_5"	"GO:0051179"
"TRG_DiLeu_LyEn_5"	"GO:0006996"
"TRG_DiLeu_LyEn_5"	"GO:0005886"
"TRG_DiLeu_LyEn_5"	"GO:0005515"
"TRG_DiLeu_LyEn_5"	"GO:0065008"
"TRG_DiLeu_LyEn_5"	"GO:0022857"
"TRG_DiLeu_LyEn_5"	"GO:0006810"
"TRG_DiLeu_LyEn_5"	"GO:0005215"
"TRG_ENDOCYTIC_2"	"GO:0045334"
"TRG_ENDOCYTIC_2"	"GO:0005829"
"TRG_ENDOCYTIC_2"	"GO:0006897"
"TRG_ENDOCYTIC_2"	"GO:0015029"
"TRG_ENDOCYTIC_2"	"GO:0005886"
"TRG_ENDOCYTIC_2"	"GO:0006898"
"TRG_ENDOCYTIC_2"	"GO:0005068"
"TRG_ER_FFAT_1"	"GO:0005829"
"TRG_ER_FFAT_1"	"GO:0042406"
"TRG_ER_FFAT_1"	"GO:0031316"
"TRG_ER_FFAT_1"	"GO:0031902"
"TRG_ER_FFAT_1"	"GO:0044232"
"TRG_ER_FFAT_1"	"GO:0005886"
"TRG_ER_FFAT_1"	"GO:0005515"
"TRG_ER_FFAT_1"	"GO:0045047"
"TRG_ER_FFAT_2"	"GO:0005829"
"TRG_ER_FFAT_2"	"GO:0042406"
"TRG_ER_FFAT_2"	"GO:0031902"
"TRG_ER_FFAT_2"	"GO:0044232"
"TRG_ER_FFAT_2"	"GO:0005886"
"TRG_ER_FFAT_2"	"GO:0005515"
"TRG_ER_FFAT_2"	"GO:0045047"
"TRG_ER_KDEL_1"	"GO:0005783"
"TRG_ER_KDEL_1"	"GO:0016022"
"TRG_ER_KDEL_1"	"GO:0005788"
"TRG_ER_KDEL_1"	"GO:0005794"
"TRG_ER_KDEL_1"	"GO:0005796"
"TRG_ER_KDEL_1"	"GO:0006621"
"TRG_ER_KDEL_1"	"GO:0045047"
"TRG_ER_KDEL_1"	"GO:0006605"
"TRG_ER_KDEL_1"	"GO:0005102"
"TRG_ER_KDEL_1"	"GO:0006890"
"TRG_ER_KDEL_1"	"GO:0005791"
"TRG_ER_diArg_1"	"GO:0005829"
"TRG_ER_diArg_1"	"GO:0016022"
"TRG_ER_diArg_1"	"GO:0005789"
"TRG_ER_diArg_1"	"GO:0030176"
"TRG_ER_diArg_1"	"GO:0012507"
"TRG_ER_diArg_1"	"GO:0012508"
"TRG_ER_diArg_1"	"GO:0005554"
"TRG_ER_diArg_1"	"GO:0006621"
"TRG_ER_diArg_1"	"GO:0045047"
"TRG_ER_diArg_1"	"GO:0006605"
"TRG_ER_diArg_1"	"GO:0006890"
"TRG_ER_diArg_1"	"GO:0005791"
"TRG_ER_diLys_1"	"GO:0030663"
"TRG_ER_diLys_1"	"GO:0005829"
"TRG_ER_diLys_1"	"GO:0005783"
"TRG_ER_diLys_1"	"GO:0016022"
"TRG_ER_diLys_1"	"GO:0005789"
"TRG_ER_diLys_1"	"GO:0030176"
"TRG_ER_diLys_1"	"GO:0012507"
"TRG_ER_diLys_1"	"GO:0012508"
"TRG_ER_diLys_1"	"GO:0006886"
"TRG_ER_diLys_1"	"GO:0005515"
"TRG_ER_diLys_1"	"GO:0006621"
"TRG_ER_diLys_1"	"GO:0045047"
"TRG_ER_diLys_1"	"GO:0006605"
"TRG_ER_diLys_1"	"GO:0006890"
"TRG_ER_diLys_1"	"GO:0005791"
"TRG_ER_diLys_1"	"GO:0045045"
"TRG_ER_diLys_1"	"GO:0016192"
"TRG_Golgi_diPhe_1"	"GO:0030664"
"TRG_Golgi_diPhe_1"	"GO:0005829"
"TRG_Golgi_diPhe_1"	"GO:0005783"
"TRG_Golgi_diPhe_1"	"GO:0030176"
"TRG_Golgi_diPhe_1"	"GO:0012507"
"TRG_Golgi_diPhe_1"	"GO:0006888"
"TRG_Golgi_diPhe_1"	"GO:0005794"
"TRG_Golgi_diPhe_1"	"GO:0005801"
"TRG_Golgi_diPhe_1"	"GO:0005515"
"TRG_Golgi_diPhe_1"	"GO:0000042"
"TRG_Golgi_diPhe_1"	"GO:0006605"
"TRG_Golgi_diPhe_1"	"GO:0045045"
"TRG_Golgi_diPhe_1"	"GO:0016192"
"TRG_LysEnd_GGAAcLL_1"	"GO:0005829"
"TRG_LysEnd_GGAAcLL_1"	"GO:0005887"
"TRG_LysEnd_GGAAcLL_1"	"GO:0006886"
"TRG_LysEnd_GGAAcLL_1"	"GO:0005886"
"TRG_LysEnd_GGAAcLL_1"	"GO:0005515"
"TRG_LysEnd_GGAAcLL_1"	"GO:0006605"
"TRG_LysEnd_GGAAcLL_2"	"GO:0005829"
"TRG_LysEnd_GGAAcLL_2"	"GO:0006886"
"TRG_LysEnd_GGAAcLL_2"	"GO:0005515"
"TRG_LysEnd_GGAAcLL_2"	"GO:0042802"
"TRG_LysEnd_GGAAcLL_2"	"GO:0006605"
"TRG_NES_CRM1_1"	"GO:0005829"
"TRG_NES_CRM1_1"	"GO:0051168"
"TRG_NES_CRM1_1"	"GO:0006913"
"TRG_NES_CRM1_1"	"GO:0005634"
"TRG_NES_CRM1_1"	"GO:0005515"
"TRG_NES_CRM1_1"	"GO:0006611"
"TRG_NESrev_CRM1_2"	"GO:0005829"
"TRG_NESrev_CRM1_2"	"GO:0051168"
"TRG_NESrev_CRM1_2"	"GO:0006913"
"TRG_NESrev_CRM1_2"	"GO:0005634"
"TRG_NESrev_CRM1_2"	"GO:0005515"
"TRG_NESrev_CRM1_2"	"GO:0006611"
"TRG_NLS_Bipartite_1"	"GO:0006607"
"TRG_NLS_Bipartite_1"	"GO:0042564"
"TRG_NLS_Bipartite_1"	"GO:0008139"
"TRG_NLS_Bipartite_1"	"GO:0005643"
"TRG_NLS_Bipartite_1"	"GO:0006913"
"TRG_NLS_Bipartite_1"	"GO:0005634"
"TRG_NLS_Bipartite_1"	"GO:0005515"
"TRG_NLS_Bipartite_1"	"GO:0006606"
"TRG_NLS_MonoCore_2"	"GO:0006607"
"TRG_NLS_MonoCore_2"	"GO:0042564"
"TRG_NLS_MonoCore_2"	"GO:0008139"
"TRG_NLS_MonoCore_2"	"GO:0005643"
"TRG_NLS_MonoCore_2"	"GO:0006913"
"TRG_NLS_MonoCore_2"	"GO:0005634"
"TRG_NLS_MonoCore_2"	"GO:0005515"
"TRG_NLS_MonoCore_2"	"GO:0006606"
"TRG_NLS_MonoExtC_3"	"GO:0006607"
"TRG_NLS_MonoExtC_3"	"GO:0042564"
"TRG_NLS_MonoExtC_3"	"GO:0008139"
"TRG_NLS_MonoExtC_3"	"GO:0005643"
"TRG_NLS_MonoExtC_3"	"GO:0006913"
"TRG_NLS_MonoExtC_3"	"GO:0005634"
"TRG_NLS_MonoExtC_3"	"GO:0005515"
"TRG_NLS_MonoExtC_3"	"GO:0006606"
"TRG_NLS_MonoExtN_4"	"GO:0006607"
"TRG_NLS_MonoExtN_4"	"GO:0042564"
"TRG_NLS_MonoExtN_4"	"GO:0008139"
"TRG_NLS_MonoExtN_4"	"GO:0005643"
"TRG_NLS_MonoExtN_4"	"GO:0006913"
"TRG_NLS_MonoExtN_4"	"GO:0005634"
"TRG_NLS_MonoExtN_4"	"GO:0005515"
"TRG_NLS_MonoExtN_4"	"GO:0006606"
"TRG_Oom_RxLR_1"	"GO:0005783"
"TRG_Oom_RxLR_1"	"GO:0005788"
"TRG_Oom_RxLR_1"	"GO:0005576"
"TRG_Oom_RxLR_1"	"GO:0085035"
"TRG_Oom_RxLR_1"	"GO:0030430"
"TRG_Oom_RxLR_1"	"GO:0020002"
"TRG_Oom_RxLR_1"	"GO:0051851"
"TRG_Oom_RxLR_1"	"GO:0008320"
"TRG_Oom_RxLR_1"	"GO:0030581"
"TRG_PTS1"	"GO:0005829"
"TRG_PTS1"	"GO:0005782"
"TRG_PTS1"	"GO:0005777"
"TRG_PTS1"	"GO:0016558"
"TRG_PTS1"	"GO:0005052"
"TRG_PTS1"	"GO:0006625"
"TRG_PTS2"	"GO:0005829"
"TRG_PTS2"	"GO:0005782"
"TRG_PTS2"	"GO:0005777"
"TRG_PTS2"	"GO:0016558"
"TRG_PTS2"	"GO:0005053"
"TRG_PTS2"	"GO:0006625"
"TRG_Pf-PMV_PEXEL_1"	"GO:0070001"
"TRG_Pf-PMV_PEXEL_1"	"GO:0005783"
"TRG_Pf-PMV_PEXEL_1"	"GO:0005576"
"TRG_Pf-PMV_PEXEL_1"	"GO:0030430"
"TRG_Pf-PMV_PEXEL_1"	"GO:0039662"
"TRG_Pf-PMV_PEXEL_1"	"GO:0044003"
"TRG_Pf-PMV_PEXEL_1"	"GO:0140221"
"TRG_Pf-PMV_PEXEL_1"	"GO:0009405"
"TRG_Pf-PMV_PEXEL_1"	"GO:0008320"
"TRG_Pf-PMV_PEXEL_1"	"GO:0030581"
